3|euclidean_distance|13|1101|[0, 2, 3]|[2.0, 1.0, 2.23606797749979]
3|manhattan_distance|13|1101|[0, 2, 3]|[2, 1, 3]
3|euclidean_distance|14|1110|[1, 2, 3]|[1.0, 1.4142135623730951, 2.23606797749979]
3|manhattan_distance|14|1110|[1, 2, 3]|[1, 2, 3]
3|euclidean_distance|28|11100|[2, 3, 4]|[2.23606797749979, 1.4142135623730951, 1.0]
3|manhattan_distance|28|11100|[2, 3, 4]|[3, 2, 1]
3|euclidean_distance|35|100011|[0, 1, 5]|[1.0, 2.23606797749979, 1.4142135623730951]
3|manhattan_distance|35|100011|[0, 1, 5]|[1, 3, 2]
3|euclidean_distance|37|100101|[0, 2, 5]|[2.0, 2.23606797749979, 1.0]
3|manhattan_distance|37|100101|[0, 2, 5]|[2, 3, 1]
3|euclidean_distance|41|101001|[0, 3, 5]|[1.0, 2.23606797749979, 2.0]
3|manhattan_distance|41|101001|[0, 3, 5]|[1, 3, 2]
3|euclidean_distance|44|101100|[2, 3, 5]|[2.23606797749979, 1.0, 2.0]
3|manhattan_distance|44|101100|[2, 3, 5]|[3, 1, 2]
3|euclidean_distance|49|110001|[0, 4, 5]|[1.4142135623730951, 2.23606797749979, 1.0]
3|manhattan_distance|49|110001|[0, 4, 5]|[2, 3, 1]
3|euclidean_distance|67|1000011|[0, 1, 6]|[1.0, 2.0, 2.23606797749979]
3|manhattan_distance|67|1000011|[0, 1, 6]|[1, 2, 3]
3|euclidean_distance|70|1000110|[1, 2, 6]|[1.0, 2.23606797749979, 2.8284271247461903]
3|manhattan_distance|70|1000110|[1, 2, 6]|[1, 3, 4]
3|euclidean_distance|74|1001010|[1, 3, 6]|[1.4142135623730951, 2.23606797749979, 1.0]
3|manhattan_distance|74|1001010|[1, 3, 6]|[2, 3, 1]
3|euclidean_distance|76|1001100|[2, 3, 6]|[2.23606797749979, 2.8284271247461903, 1.0]
3|manhattan_distance|76|1001100|[2, 3, 6]|[3, 4, 1]
3|euclidean_distance|82|1010010|[1, 4, 6]|[1.0, 2.23606797749979, 1.4142135623730951]
3|manhattan_distance|82|1010010|[1, 4, 6]|[1, 3, 2]
3|euclidean_distance|100|1100100|[2, 5, 6]|[1.0, 2.8284271247461903, 2.23606797749979]
3|manhattan_distance|100|1100100|[2, 5, 6]|[1, 4, 3]
3|euclidean_distance|104|1101000|[3, 5, 6]|[2.0, 1.0, 2.23606797749979]
3|manhattan_distance|104|1101000|[3, 5, 6]|[2, 1, 3]
3|euclidean_distance|112|1110000|[4, 5, 6]|[1.0, 1.4142135623730951, 2.23606797749979]
3|manhattan_distance|112|1110000|[4, 5, 6]|[1, 2, 3]
3|euclidean_distance|131|10000011|[0, 1, 7]|[1.0, 2.23606797749979, 2.0]
3|manhattan_distance|131|10000011|[0, 1, 7]|[1, 3, 2]
3|euclidean_distance|134|10000110|[1, 2, 7]|[1.0, 2.0, 2.23606797749979]
3|manhattan_distance|134|10000110|[1, 2, 7]|[1, 2, 3]
3|euclidean_distance|137|10001001|[0, 3, 7]|[1.0, 2.23606797749979, 1.4142135623730951]
3|manhattan_distance|137|10001001|[0, 3, 7]|[1, 3, 2]
3|euclidean_distance|145|10010001|[0, 4, 7]|[1.4142135623730951, 2.23606797749979, 1.0]
3|manhattan_distance|145|10010001|[0, 4, 7]|[2, 3, 1]
3|euclidean_distance|148|10010100|[2, 4, 7]|[1.4142135623730951, 2.23606797749979, 1.0]
3|manhattan_distance|148|10010100|[2, 4, 7]|[2, 3, 1]
3|euclidean_distance|164|10100100|[2, 5, 7]|[1.0, 2.23606797749979, 1.4142135623730951]
3|manhattan_distance|164|10100100|[2, 5, 7]|[1, 3, 2]
3|euclidean_distance|193|11000001|[0, 6, 7]|[2.0, 2.23606797749979, 1.0]
3|manhattan_distance|193|11000001|[0, 6, 7]|[2, 3, 1]
3|euclidean_distance|194|11000010|[1, 6, 7]|[2.23606797749979, 2.0, 1.0]
3|manhattan_distance|194|11000010|[1, 6, 7]|[3, 2, 1]
3|euclidean_distance|196|11000100|[2, 6, 7]|[2.8284271247461903, 2.23606797749979, 1.0]
3|manhattan_distance|196|11000100|[2, 6, 7]|[4, 3, 1]
3|euclidean_distance|224|11100000|[5, 6, 7]|[2.23606797749979, 1.4142135623730951, 1.0]
3|manhattan_distance|224|11100000|[5, 6, 7]|[3, 2, 1]
3|euclidean_distance|259|100000011|[0, 1, 8]|[1.0, 2.8284271247461903, 2.23606797749979]
3|manhattan_distance|259|100000011|[0, 1, 8]|[1, 4, 3]
3|euclidean_distance|262|100000110|[1, 2, 8]|[1.0, 2.23606797749979, 2.0]
3|manhattan_distance|262|100000110|[1, 2, 8]|[1, 3, 2]
3|euclidean_distance|265|100001001|[0, 3, 8]|[1.0, 2.8284271247461903, 2.23606797749979]
3|manhattan_distance|265|100001001|[0, 3, 8]|[1, 4, 3]
3|euclidean_distance|274|100010010|[1, 4, 8]|[1.0, 2.23606797749979, 1.4142135623730951]
3|manhattan_distance|274|100010010|[1, 4, 8]|[1, 3, 2]
3|euclidean_distance|280|100011000|[3, 4, 8]|[1.0, 2.23606797749979, 1.4142135623730951]
3|manhattan_distance|280|100011000|[3, 4, 8]|[1, 3, 2]
3|euclidean_distance|289|100100001|[0, 5, 8]|[2.23606797749979, 2.8284271247461903, 1.0]
3|manhattan_distance|289|100100001|[0, 5, 8]|[3, 4, 1]
3|euclidean_distance|290|100100010|[1, 5, 8]|[1.4142135623730951, 2.23606797749979, 1.0]
3|manhattan_distance|290|100100010|[1, 5, 8]|[2, 3, 1]
3|euclidean_distance|296|100101000|[3, 5, 8]|[2.0, 2.23606797749979, 1.0]
3|manhattan_distance|296|100101000|[3, 5, 8]|[2, 3, 1]
3|euclidean_distance|328|101001000|[3, 6, 8]|[1.0, 2.23606797749979, 2.0]
3|manhattan_distance|328|101001000|[3, 6, 8]|[1, 3, 2]
3|euclidean_distance|352|101100000|[5, 6, 8]|[2.23606797749979, 1.0, 2.0]
3|manhattan_distance|352|101100000|[5, 6, 8]|[3, 1, 2]
3|euclidean_distance|385|110000001|[0, 7, 8]|[2.23606797749979, 2.8284271247461903, 1.0]
3|manhattan_distance|385|110000001|[0, 7, 8]|[3, 4, 1]
3|euclidean_distance|386|110000010|[1, 7, 8]|[2.0, 2.23606797749979, 1.0]
3|manhattan_distance|386|110000010|[1, 7, 8]|[2, 3, 1]
3|euclidean_distance|388|110000100|[2, 7, 8]|[2.23606797749979, 2.0, 1.0]
3|manhattan_distance|388|110000100|[2, 7, 8]|[3, 2, 1]
3|euclidean_distance|392|110001000|[3, 7, 8]|[1.4142135623730951, 2.23606797749979, 1.0]
3|manhattan_distance|392|110001000|[3, 7, 8]|[2, 3, 1]
4|euclidean_distance|89|1011001|[0, 3, 4, 6]|[3.0, 1.0, 2.23606797749979, 3.1622776601683795, 1.4142135623730951, 2.0]
4|euclidean_distance|149|10010101|[0, 2, 4, 7]|[2.0, 1.0, 3.1622776601683795, 2.23606797749979, 1.4142135623730951, 3.0]
4|euclidean_distance|154|10011010|[1, 3, 4, 7]|[2.0, 1.4142135623730951, 2.23606797749979, 3.1622776601683795, 1.0, 3.0]
4|euclidean_distance|169|10101001|[0, 3, 5, 7]|[3.0, 1.4142135623730951, 3.1622776601683795, 2.23606797749979, 1.0, 2.0]
4|euclidean_distance|282|100011010|[1, 3, 4, 8]|[2.0, 1.4142135623730951, 2.23606797749979, 3.1622776601683795, 3.605551275463989, 1.0]
4|euclidean_distance|344|101011000|[3, 4, 6, 8]|[3.1622776601683795, 1.4142135623730951, 3.605551275463989, 2.0, 1.0, 2.23606797749979]
4|euclidean_distance|404|110010100|[2, 4, 7, 8]|[2.23606797749979, 1.4142135623730951, 2.8284271247461903, 3.0, 1.0, 3.1622776601683795]
4|euclidean_distance|424|110101000|[3, 5, 7, 8]|[2.23606797749979, 1.0, 3.605551275463989, 2.0, 1.4142135623730951, 3.1622776601683795]
4|euclidean_distance|537|1000011001|[0, 3, 4, 9]|[3.0, 1.0, 2.23606797749979, 3.1622776601683795, 2.8284271247461903, 1.4142135623730951]
4|euclidean_distance|664|1010011000|[3, 4, 7, 9]|[3.1622776601683795, 1.0, 2.8284271247461903, 3.0, 1.4142135623730951, 2.23606797749979]
4|euclidean_distance|777|1100001001|[0, 3, 8, 9]|[3.0, 2.0, 2.23606797749979, 3.605551275463989, 2.8284271247461903, 1.0]
4|euclidean_distance|1161|10010001001|[0, 3, 7, 10]|[3.0, 3.1622776601683795, 2.8284271247461903, 1.0, 2.23606797749979, 1.4142135623730951]
4|euclidean_distance|1169|10010010001|[0, 4, 7, 10]|[1.0, 3.1622776601683795, 2.8284271247461903, 3.0, 2.23606797749979, 1.4142135623730951]
4|euclidean_distance|1416|10110001000|[3, 7, 8, 10]|[1.0, 3.605551275463989, 2.23606797749979, 3.1622776601683795, 1.4142135623730951, 2.0]
4|euclidean_distance|1424|10110010000|[4, 7, 8, 10]|[3.0, 1.0, 2.23606797749979, 3.1622776601683795, 1.4142135623730951, 2.0]
4|euclidean_distance|2129|100001010001|[0, 4, 6, 11]|[1.0, 2.23606797749979, 3.605551275463989, 2.0, 3.1622776601683795, 1.4142135623730951]
4|euclidean_distance|2181|100010000101|[0, 2, 7, 11]|[2.0, 3.1622776601683795, 3.605551275463989, 1.4142135623730951, 2.23606797749979, 1.0]
4|euclidean_distance|2194|100010010010|[1, 4, 7, 11]|[1.4142135623730951, 2.23606797749979, 2.8284271247461903, 3.0, 3.1622776601683795, 1.0]
4|euclidean_distance|2209|100010100001|[0, 5, 7, 11]|[1.4142135623730951, 3.1622776601683795, 3.605551275463989, 2.0, 2.23606797749979, 1.0]
4|euclidean_distance|2307|100100000011|[0, 1, 8, 11]|[1.0, 2.0, 3.605551275463989, 2.23606797749979, 2.8284271247461903, 3.0]
4|euclidean_distance|2316|100100001100|[2, 3, 8, 11]|[1.0, 2.8284271247461903, 2.23606797749979, 3.605551275463989, 2.0, 3.0]
4|euclidean_distance|2322|100100010010|[1, 4, 8, 11]|[1.4142135623730951, 2.23606797749979, 2.8284271247461903, 1.0, 3.1622776601683795, 3.0]
4|euclidean_distance|2384|100101010000|[4, 6, 8, 11]|[2.0, 1.0, 3.1622776601683795, 2.23606797749979, 1.4142135623730951, 3.0]
4|euclidean_distance|2436|100110000100|[2, 7, 8, 11]|[1.4142135623730951, 2.8284271247461903, 2.23606797749979, 3.1622776601683795, 1.0, 3.0]
4|euclidean_distance|2464|100110100000|[5, 7, 8, 11]|[2.0, 1.4142135623730951, 2.23606797749979, 3.1622776601683795, 1.0, 3.0]
4|euclidean_distance|2577|101000010001|[0, 4, 9, 11]|[1.0, 2.23606797749979, 3.605551275463989, 1.4142135623730951, 3.1622776601683795, 2.0]
4|euclidean_distance|2704|101010010000|[4, 7, 9, 11]|[3.0, 1.4142135623730951, 3.1622776601683795, 2.23606797749979, 1.0, 2.0]
4|euclidean_distance|3081|110000001001|[0, 3, 10, 11]|[3.0, 2.8284271247461903, 3.605551275463989, 2.23606797749979, 2.0, 1.0]
4|euclidean_distance|4118|1000000010110|[1, 2, 4, 12]|[1.0, 1.4142135623730951, 3.1622776601683795, 2.23606797749979, 3.605551275463989, 2.0]
4|euclidean_distance|4124|1000000011100|[2, 3, 4, 12]|[1.0, 2.23606797749979, 3.605551275463989, 3.1622776601683795, 4.242640687119285, 2.0]
4|manhattan_distance|4124|1000000011100|[2, 3, 4, 12]|[1, 3, 5, 4, 6, 2]
4|euclidean_distance|4163|1000001000011|[0, 1, 6, 12]|[1.0, 2.23606797749979, 3.0, 1.4142135623730951, 3.1622776601683795, 2.8284271247461903]
4|euclidean_distance|4165|1000001000101|[0, 2, 6, 12]|[2.0, 2.23606797749979, 3.0, 1.0, 3.605551275463989, 2.8284271247461903]
4|euclidean_distance|4234|1000010001010|[1, 3, 7, 12]|[2.0, 2.23606797749979, 3.1622776601683795, 1.0, 4.242640687119285, 3.605551275463989]
4|manhattan_distance|4234|1000010001010|[1, 3, 7, 12]|[2, 3, 4, 1, 6, 5]
4|euclidean_distance|4242|1000010010010|[1, 4, 7, 12]|[1.4142135623730951, 2.23606797749979, 3.1622776601683795, 3.0, 2.0, 3.605551275463989]
4|euclidean_distance|4248|1000010011000|[3, 4, 7, 12]|[3.1622776601683795, 1.0, 4.242640687119285, 3.0, 2.0, 3.605551275463989]
4|manhattan_distance|4248|1000010011000|[3, 4, 7, 12]|[4, 1, 6, 3, 2, 5]
4|euclidean_distance|4257|1000010100001|[0, 5, 7, 12]|[1.4142135623730951, 3.1622776601683795, 3.0, 2.0, 2.23606797749979, 3.605551275463989]
4|euclidean_distance|4289|1000011000001|[0, 6, 7, 12]|[2.23606797749979, 3.1622776601683795, 3.0, 1.0, 2.8284271247461903, 3.605551275463989]
4|euclidean_distance|4290|1000011000010|[1, 6, 7, 12]|[1.4142135623730951, 2.23606797749979, 3.1622776601683795, 1.0, 2.8284271247461903, 3.605551275463989]
4|euclidean_distance|4362|1000100001010|[1, 3, 8, 12]|[2.0, 2.23606797749979, 3.1622776601683795, 3.605551275463989, 4.242640687119285, 1.0]
4|manhattan_distance|4362|1000100001010|[1, 3, 8, 12]|[2, 3, 4, 5, 6, 1]
4|euclidean_distance|4424|1000101001000|[3, 6, 8, 12]|[1.4142135623730951, 3.605551275463989, 4.242640687119285, 2.23606797749979, 2.8284271247461903, 1.0]
4|manhattan_distance|4424|1000101001000|[3, 6, 8, 12]|[2, 5, 6, 3, 4, 1]
4|euclidean_distance|4512|1000110100000|[5, 7, 8, 12]|[2.0, 1.4142135623730951, 2.23606797749979, 3.1622776601683795, 3.605551275463989, 1.0]
4|euclidean_distance|4611|1001000000011|[0, 1, 9, 12]|[1.0, 2.23606797749979, 3.0, 2.0, 3.1622776601683795, 1.4142135623730951]
4|euclidean_distance|4614|1001000000110|[1, 2, 9, 12]|[1.0, 2.0, 3.1622776601683795, 2.23606797749979, 3.605551275463989, 1.4142135623730951]
4|euclidean_distance|4620|1001000001100|[2, 3, 9, 12]|[1.0, 2.23606797749979, 3.605551275463989, 2.8284271247461903, 4.242640687119285, 1.4142135623730951]
4|manhattan_distance|4620|1001000001100|[2, 3, 9, 12]|[1, 3, 5, 4, 6, 2]
4|euclidean_distance|4744|1001010001000|[3, 7, 9, 12]|[1.0, 2.8284271247461903, 4.242640687119285, 2.23606797749979, 3.605551275463989, 1.4142135623730951]
4|manhattan_distance|4744|1001010001000|[3, 7, 9, 12]|[1, 4, 6, 3, 5, 2]
4|euclidean_distance|5249|1010010000001|[0, 7, 10, 12]|[3.1622776601683795, 2.8284271247461903, 3.0, 1.4142135623730951, 3.605551275463989, 2.23606797749979]
4|euclidean_distance|5504|1010110000000|[7, 8, 10, 12]|[3.1622776601683795, 1.4142135623730951, 3.605551275463989, 2.0, 1.0, 2.23606797749979]
4|euclidean_distance|6156|1100000001100|[2, 3, 11, 12]|[1.0, 2.23606797749979, 3.605551275463989, 2.0, 4.242640687119285, 3.1622776601683795]
4|manhattan_distance|6156|1100000001100|[2, 3, 11, 12]|[1, 3, 5, 2, 6, 4]
4|euclidean_distance|6209|1100001000001|[0, 6, 11, 12]|[2.23606797749979, 3.605551275463989, 3.0, 1.4142135623730951, 2.8284271247461903, 3.1622776601683795]
4|euclidean_distance|6212|1100001000100|[2, 6, 11, 12]|[1.0, 2.23606797749979, 3.605551275463989, 1.4142135623730951, 2.8284271247461903, 3.1622776601683795]
4|euclidean_distance|6404|1100100000100|[2, 8, 11, 12]|[2.8284271247461903, 2.23606797749979, 3.605551275463989, 3.0, 1.0, 3.1622776601683795]
4|euclidean_distance|6408|1100100001000|[3, 8, 11, 12]|[3.605551275463989, 2.0, 4.242640687119285, 3.0, 1.0, 3.1622776601683795]
4|manhattan_distance|6408|1100100001000|[3, 8, 11, 12]|[5, 2, 6, 3, 1, 4]
4|euclidean_distance|6464|1100101000000|[6, 8, 11, 12]|[2.23606797749979, 1.4142135623730951, 2.8284271247461903, 3.0, 1.0, 3.1622776601683795]
4|euclidean_distance|6657|1101000000001|[0, 9, 11, 12]|[2.23606797749979, 3.605551275463989, 3.0, 2.0, 1.4142135623730951, 3.1622776601683795]
4|euclidean_distance|6784|1101010000000|[7, 9, 11, 12]|[2.23606797749979, 1.0, 3.605551275463989, 2.0, 1.4142135623730951, 3.1622776601683795]
4|euclidean_distance|7169|1110000000001|[0, 10, 11, 12]|[2.8284271247461903, 3.605551275463989, 3.0, 1.0, 2.23606797749979, 3.1622776601683795]
4|euclidean_distance|8218|10000000011010|[1, 3, 4, 13]|[2.0, 1.4142135623730951, 3.0, 3.1622776601683795, 3.605551275463989, 2.23606797749979]
4|euclidean_distance|8233|10000000101001|[0, 3, 5, 13]|[3.0, 1.4142135623730951, 3.1622776601683795, 2.23606797749979, 3.605551275463989, 2.0]
4|euclidean_distance|8236|10000000101100|[2, 3, 5, 13]|[1.0, 1.4142135623730951, 3.1622776601683795, 2.23606797749979, 3.605551275463989, 2.0]
4|euclidean_distance|8326|10000010000110|[1, 2, 7, 13]|[1.0, 2.23606797749979, 3.0, 1.4142135623730951, 3.1622776601683795, 2.8284271247461903]
4|euclidean_distance|8330|10000010001010|[1, 3, 7, 13]|[2.0, 2.23606797749979, 3.0, 1.0, 3.605551275463989, 2.8284271247461903]
4|euclidean_distance|8344|10000010011000|[3, 4, 7, 13]|[3.1622776601683795, 1.0, 3.605551275463989, 3.0, 2.23606797749979, 2.8284271247461903]
4|euclidean_distance|8451|10000100000011|[0, 1, 8, 13]|[1.0, 2.0, 3.1622776601683795, 2.23606797749979, 3.0, 1.4142135623730951]
4|euclidean_distance|8454|10000100000110|[1, 2, 8, 13]|[1.0, 2.23606797749979, 3.0, 2.8284271247461903, 3.1622776601683795, 1.4142135623730951]
4|euclidean_distance|8592|10000110010000|[4, 7, 8, 13]|[3.0, 1.0, 2.23606797749979, 3.1622776601683795, 2.8284271247461903, 1.4142135623730951]
4|euclidean_distance|8713|10001000001001|[0, 3, 9, 13]|[3.0, 2.23606797749979, 3.1622776601683795, 2.8284271247461903, 3.605551275463989, 1.0]
4|euclidean_distance|8728|10001000011000|[3, 4, 9, 13]|[3.1622776601683795, 2.8284271247461903, 3.605551275463989, 1.4142135623730951, 2.23606797749979, 1.0]
4|euclidean_distance|9219|10010000000011|[0, 1, 10, 13]|[1.0, 2.8284271247461903, 3.1622776601683795, 2.23606797749979, 3.0, 1.4142135623730951]
4|euclidean_distance|9222|10010000000110|[1, 2, 10, 13]|[1.0, 2.23606797749979, 3.0, 2.0, 3.1622776601683795, 1.4142135623730951]
4|euclidean_distance|9225|10010000001001|[0, 3, 10, 13]|[3.0, 2.8284271247461903, 3.1622776601683795, 2.23606797749979, 3.605551275463989, 1.4142135623730951]
4|euclidean_distance|9228|10010000001100|[2, 3, 10, 13]|[1.0, 2.0, 3.1622776601683795, 2.23606797749979, 3.605551275463989, 1.4142135623730951]
4|euclidean_distance|10243|10100000000011|[0, 1, 11, 13]|[1.0, 3.605551275463989, 3.1622776601683795, 2.8284271247461903, 3.0, 2.23606797749979]
4|euclidean_distance|10497|10100100000001|[0, 8, 11, 13]|[2.0, 3.605551275463989, 3.1622776601683795, 3.0, 1.4142135623730951, 2.23606797749979]
4|euclidean_distance|10624|10100110000000|[7, 8, 11, 13]|[3.1622776601683795, 1.0, 2.8284271247461903, 3.0, 1.4142135623730951, 2.23606797749979]
4|euclidean_distance|11265|10110000000001|[0, 10, 11, 13]|[2.8284271247461903, 3.605551275463989, 3.1622776601683795, 1.0, 1.4142135623730951, 2.23606797749979]
4|euclidean_distance|12298|11000000001010|[1, 3, 12, 13]|[2.0, 3.1622776601683795, 3.0, 4.242640687119285, 3.605551275463989, 1.0]
4|manhattan_distance|12298|11000000001010|[1, 3, 12, 13]|[2, 4, 3, 6, 5, 1]
4|euclidean_distance|12306|11000000010010|[1, 4, 12, 13]|[1.4142135623730951, 3.1622776601683795, 3.0, 2.0, 2.23606797749979, 1.0]
4|euclidean_distance|12312|11000000011000|[3, 4, 12, 13]|[3.1622776601683795, 4.242640687119285, 3.605551275463989, 2.0, 2.23606797749979, 1.0]
4|manhattan_distance|12312|11000000011000|[3, 4, 12, 13]|[4, 6, 5, 2, 3, 1]
4|euclidean_distance|12321|11000000100001|[0, 5, 12, 13]|[1.4142135623730951, 3.0, 3.1622776601683795, 2.23606797749979, 2.0, 1.0]
4|euclidean_distance|12324|11000000100100|[2, 5, 12, 13]|[1.4142135623730951, 3.605551275463989, 3.1622776601683795, 2.23606797749979, 2.0, 1.0]
4|euclidean_distance|12354|11000001000010|[1, 6, 12, 13]|[1.4142135623730951, 3.1622776601683795, 3.0, 2.8284271247461903, 2.23606797749979, 1.0]
4|euclidean_distance|12360|11000001001000|[3, 6, 12, 13]|[1.4142135623730951, 4.242640687119285, 3.605551275463989, 2.8284271247461903, 2.23606797749979, 1.0]
4|manhattan_distance|12360|11000001001000|[3, 6, 12, 13]|[2, 6, 5, 4, 3, 1]
4|euclidean_distance|12418|11000010000010|[1, 7, 12, 13]|[2.23606797749979, 3.1622776601683795, 3.0, 3.605551275463989, 2.8284271247461903, 1.0]
4|euclidean_distance|12432|11000010010000|[4, 7, 12, 13]|[3.0, 2.0, 2.23606797749979, 3.605551275463989, 2.8284271247461903, 1.0]
4|euclidean_distance|13313|11010000000001|[0, 10, 12, 13]|[2.8284271247461903, 3.0, 3.1622776601683795, 2.23606797749979, 1.4142135623730951, 1.0]
4|euclidean_distance|13316|11010000000100|[2, 10, 12, 13]|[2.0, 3.605551275463989, 3.1622776601683795, 2.23606797749979, 1.4142135623730951, 1.0]
4|euclidean_distance|14344|11100000001000|[3, 11, 12, 13]|[2.0, 4.242640687119285, 3.605551275463989, 3.1622776601683795, 2.23606797749979, 1.0]
4|manhattan_distance|14344|11100000001000|[3, 11, 12, 13]|[2, 6, 5, 4, 3, 1]
4|euclidean_distance|16405|100000000010101|[0, 2, 4, 14]|[2.0, 1.0, 3.605551275463989, 2.23606797749979, 3.0, 2.8284271247461903]
4|euclidean_distance|16406|100000000010110|[1, 2, 4, 14]|[1.0, 1.4142135623730951, 3.1622776601683795, 2.23606797749979, 3.0, 2.8284271247461903]
4|euclidean_distance|16451|100000001000011|[0, 1, 6, 14]|[1.0, 2.23606797749979, 3.605551275463989, 1.4142135623730951, 3.1622776601683795, 2.0]
4|euclidean_distance|16457|100000001001001|[0, 3, 6, 14]|[3.0, 2.23606797749979, 3.605551275463989, 1.4142135623730951, 3.1622776601683795, 2.0]
4|euclidean_distance|16517|100000010000101|[0, 2, 7, 14]|[2.0, 3.1622776601683795, 3.605551275463989, 1.4142135623730951, 3.0, 2.23606797749979]
4|euclidean_distance|16529|100000010010001|[0, 4, 7, 14]|[1.0, 3.1622776601683795, 3.605551275463989, 3.0, 2.8284271247461903, 2.23606797749979]
4|euclidean_distance|16652|100000100001100|[2, 3, 8, 14]|[1.0, 2.8284271247461903, 3.0, 3.605551275463989, 3.1622776601683795, 2.23606797749979]
4|euclidean_distance|16899|100001000000011|[0, 1, 9, 14]|[1.0, 2.23606797749979, 3.605551275463989, 2.0, 3.1622776601683795, 1.4142135623730951]
4|euclidean_distance|16902|100001000000110|[1, 2, 9, 14]|[1.0, 2.0, 3.1622776601683795, 2.23606797749979, 3.0, 1.4142135623730951]
4|euclidean_distance|16905|100001000001001|[0, 3, 9, 14]|[3.0, 2.23606797749979, 3.605551275463989, 2.8284271247461903, 3.1622776601683795, 1.4142135623730951]
4|euclidean_distance|16908|100001000001100|[2, 3, 9, 14]|[1.0, 2.23606797749979, 3.0, 2.8284271247461903, 3.1622776601683795, 1.4142135623730951]
4|euclidean_distance|17160|100001100001000|[3, 8, 9, 14]|[3.605551275463989, 2.8284271247461903, 3.1622776601683795, 1.0, 2.23606797749979, 1.4142135623730951]
4|euclidean_distance|17417|100010000001001|[0, 3, 10, 14]|[3.0, 2.8284271247461903, 3.605551275463989, 2.23606797749979, 3.1622776601683795, 1.0]
4|euclidean_distance|17537|100010010000001|[0, 7, 10, 14]|[3.1622776601683795, 2.8284271247461903, 3.605551275463989, 1.4142135623730951, 2.23606797749979, 1.0]
4|euclidean_distance|18438|100100000000110|[1, 2, 11, 14]|[1.0, 2.8284271247461903, 3.1622776601683795, 2.23606797749979, 3.0, 1.4142135623730951]
4|euclidean_distance|18444|100100000001100|[2, 3, 11, 14]|[1.0, 2.23606797749979, 3.0, 2.0, 3.1622776601683795, 1.4142135623730951]
4|euclidean_distance|18576|100100010010000|[4, 7, 11, 14]|[3.0, 3.1622776601683795, 2.8284271247461903, 1.0, 2.23606797749979, 1.4142135623730951]
4|euclidean_distance|18696|100100100001000|[3, 8, 11, 14]|[3.605551275463989, 2.0, 3.1622776601683795, 3.0, 2.23606797749979, 1.4142135623730951]
4|euclidean_distance|18704|100100100010000|[4, 8, 11, 14]|[1.0, 3.1622776601683795, 2.8284271247461903, 3.0, 2.23606797749979, 1.4142135623730951]
4|euclidean_distance|20492|101000000001100|[2, 3, 12, 14]|[1.0, 3.605551275463989, 3.0, 4.242640687119285, 3.1622776601683795, 2.0]
4|manhattan_distance|20492|101000000001100|[2, 3, 12, 14]|[1, 5, 3, 6, 4, 2]
4|euclidean_distance|20616|101000010001000|[3, 7, 12, 14]|[1.0, 4.242640687119285, 3.1622776601683795, 3.605551275463989, 2.23606797749979, 2.0]
4|manhattan_distance|20616|101000010001000|[3, 7, 12, 14]|[1, 6, 4, 5, 3, 2]
4|euclidean_distance|20740|101000100000100|[2, 8, 12, 14]|[2.8284271247461903, 3.605551275463989, 3.0, 1.0, 2.23606797749979, 2.0]
4|euclidean_distance|20744|101000100001000|[3, 8, 12, 14]|[3.605551275463989, 4.242640687119285, 3.1622776601683795, 1.0, 2.23606797749979, 2.0]
4|manhattan_distance|20744|101000100001000|[3, 8, 12, 14]|[5, 6, 4, 1, 3, 2]
4|euclidean_distance|21505|101010000000001|[0, 10, 12, 14]|[2.8284271247461903, 3.0, 3.605551275463989, 2.23606797749979, 1.0, 2.0]
4|euclidean_distance|22532|101100000000100|[2, 11, 12, 14]|[2.23606797749979, 3.605551275463989, 3.0, 3.1622776601683795, 1.4142135623730951, 2.0]
4|euclidean_distance|22656|101100010000000|[7, 11, 12, 14]|[1.0, 3.605551275463989, 2.23606797749979, 3.1622776601683795, 1.4142135623730951, 2.0]
4|euclidean_distance|22784|101100100000000|[8, 11, 12, 14]|[3.0, 1.0, 2.23606797749979, 3.1622776601683795, 1.4142135623730951, 2.0]
4|euclidean_distance|24594|110000000010010|[1, 4, 13, 14]|[1.4142135623730951, 3.0, 3.1622776601683795, 2.23606797749979, 2.8284271247461903, 1.0]
4|euclidean_distance|24609|110000000100001|[0, 5, 13, 14]|[1.4142135623730951, 3.1622776601683795, 3.605551275463989, 2.0, 2.23606797749979, 1.0]
4|euclidean_distance|24612|110000000100100|[2, 5, 13, 14]|[1.4142135623730951, 3.1622776601683795, 3.0, 2.0, 2.23606797749979, 1.0]
4|euclidean_distance|24642|110000001000010|[1, 6, 13, 14]|[1.4142135623730951, 3.0, 3.1622776601683795, 2.23606797749979, 2.0, 1.0]
4|euclidean_distance|24648|110000001001000|[3, 6, 13, 14]|[1.4142135623730951, 3.605551275463989, 3.1622776601683795, 2.23606797749979, 2.0, 1.0]
4|euclidean_distance|24708|110000010000100|[2, 7, 13, 14]|[1.4142135623730951, 3.1622776601683795, 3.0, 2.8284271247461903, 2.23606797749979, 1.0]
4|euclidean_distance|24833|110000100000001|[0, 8, 13, 14]|[2.0, 3.1622776601683795, 3.605551275463989, 1.4142135623730951, 2.23606797749979, 1.0]
4|euclidean_distance|24836|110000100000100|[2, 8, 13, 14]|[2.8284271247461903, 3.1622776601683795, 3.0, 1.4142135623730951, 2.23606797749979, 1.0]
4|euclidean_distance|26626|110100000000010|[1, 11, 13, 14]|[2.8284271247461903, 3.0, 3.1622776601683795, 2.23606797749979, 1.4142135623730951, 1.0]
4|euclidean_distance|26632|110100000001000|[3, 11, 13, 14]|[2.0, 3.605551275463989, 3.1622776601683795, 2.23606797749979, 1.4142135623730951, 1.0]
4|euclidean_distance|32789|1000000000010101|[0, 2, 4, 15]|[2.0, 1.0, 4.242640687119285, 2.23606797749979, 3.1622776601683795, 3.605551275463989]
4|manhattan_distance|32789|1000000000010101|[0, 2, 4, 15]|[2, 1, 6, 3, 4, 5]
4|euclidean_distance|32810|1000000000101010|[1, 3, 5, 15]|[2.0, 1.0, 3.605551275463989, 2.23606797749979, 3.0, 2.8284271247461903]
4|euclidean_distance|32812|1000000000101100|[2, 3, 5, 15]|[1.0, 1.4142135623730951, 3.1622776601683795, 2.23606797749979, 3.0, 2.8284271247461903]
4|euclidean_distance|32820|1000000000110100|[2, 4, 5, 15]|[2.23606797749979, 1.4142135623730951, 3.1622776601683795, 1.0, 3.605551275463989, 2.8284271247461903]
4|euclidean_distance|32824|1000000000111000|[3, 4, 5, 15]|[3.1622776601683795, 2.23606797749979, 3.0, 1.0, 3.605551275463989, 2.8284271247461903]
4|euclidean_distance|32856|1000000001011000|[3, 4, 6, 15]|[3.1622776601683795, 1.4142135623730951, 3.0, 2.0, 3.605551275463989, 2.23606797749979]
4|euclidean_distance|32899|1000000010000011|[0, 1, 7, 15]|[1.0, 3.1622776601683795, 4.242640687119285, 2.23606797749979, 3.605551275463989, 2.0]
4|manhattan_distance|32899|1000000010000011|[0, 1, 7, 15]|[1, 4, 6, 3, 5, 2]
4|euclidean_distance|32902|1000000010000110|[1, 2, 7, 15]|[1.0, 2.23606797749979, 3.605551275463989, 1.4142135623730951, 3.1622776601683795, 2.0]
4|euclidean_distance|32913|1000000010010001|[0, 4, 7, 15]|[1.0, 3.1622776601683795, 4.242640687119285, 3.0, 3.605551275463989, 2.0]
4|manhattan_distance|32913|1000000010010001|[0, 4, 7, 15]|[1, 4, 6, 3, 5, 2]
4|euclidean_distance|32916|1000000010010100|[2, 4, 7, 15]|[2.23606797749979, 1.4142135623730951, 3.1622776601683795, 3.0, 3.605551275463989, 2.0]
4|euclidean_distance|33027|1000000100000011|[0, 1, 8, 15]|[1.0, 2.0, 4.242640687119285, 2.23606797749979, 3.605551275463989, 3.1622776601683795]
4|manhattan_distance|33027|1000000100000011|[0, 1, 8, 15]|[1, 2, 6, 3, 5, 4]
4|euclidean_distance|33058|1000000100100010|[1, 5, 8, 15]|[1.0, 2.23606797749979, 3.605551275463989, 1.4142135623730951, 2.8284271247461903, 3.1622776601683795]
4|euclidean_distance|33064|1000000100101000|[3, 5, 8, 15]|[2.23606797749979, 3.605551275463989, 3.0, 1.4142135623730951, 2.8284271247461903, 3.1622776601683795]
4|euclidean_distance|33304|1000001000011000|[3, 4, 9, 15]|[3.1622776601683795, 2.8284271247461903, 3.0, 1.4142135623730951, 3.605551275463989, 2.23606797749979]
4|euclidean_distance|33544|1000001100001000|[3, 8, 9, 15]|[3.605551275463989, 2.8284271247461903, 3.0, 1.0, 3.1622776601683795, 2.23606797749979]
4|euclidean_distance|33795|1000010000000011|[0, 1, 10, 15]|[1.0, 2.8284271247461903, 4.242640687119285, 2.23606797749979, 3.605551275463989, 1.4142135623730951]
4|manhattan_distance|33795|1000010000000011|[0, 1, 10, 15]|[1, 4, 6, 3, 5, 2]
4|euclidean_distance|33798|1000010000000110|[1, 2, 10, 15]|[1.0, 2.23606797749979, 3.605551275463989, 2.0, 3.1622776601683795, 1.4142135623730951]
4|euclidean_distance|33804|1000010000001100|[2, 3, 10, 15]|[1.0, 2.0, 3.1622776601683795, 2.23606797749979, 3.0, 1.4142135623730951]
4|euclidean_distance|33809|1000010000010001|[0, 4, 10, 15]|[1.0, 2.8284271247461903, 4.242640687119285, 2.23606797749979, 3.605551275463989, 1.4142135623730951]
4|manhattan_distance|33809|1000010000010001|[0, 4, 10, 15]|[1, 4, 6, 3, 5, 2]
4|euclidean_distance|34056|1000010100001000|[3, 8, 10, 15]|[3.605551275463989, 2.23606797749979, 3.0, 2.0, 3.1622776601683795, 1.4142135623730951]
4|euclidean_distance|34064|1000010100010000|[4, 8, 10, 15]|[1.0, 2.23606797749979, 3.605551275463989, 2.0, 3.1622776601683795, 1.4142135623730951]
4|euclidean_distance|34821|1000100000000101|[0, 2, 11, 15]|[2.0, 3.605551275463989, 4.242640687119285, 2.23606797749979, 3.1622776601683795, 1.0]
4|manhattan_distance|34821|1000100000000101|[0, 2, 11, 15]|[2, 5, 6, 3, 4, 1]
4|euclidean_distance|34849|1000100000100001|[0, 5, 11, 15]|[1.4142135623730951, 3.605551275463989, 4.242640687119285, 2.23606797749979, 2.8284271247461903, 1.0]
4|manhattan_distance|34849|1000100000100001|[0, 5, 11, 15]|[2, 5, 6, 3, 4, 1]
4|euclidean_distance|34896|1000100001010000|[4, 6, 11, 15]|[2.0, 3.1622776601683795, 3.605551275463989, 1.4142135623730951, 2.23606797749979, 1.0]
4|euclidean_distance|35073|1000100100000001|[0, 8, 11, 15]|[2.0, 3.605551275463989, 4.242640687119285, 3.0, 3.1622776601683795, 1.0]
4|manhattan_distance|35073|1000100100000001|[0, 8, 11, 15]|[2, 5, 6, 3, 4, 1]
4|euclidean_distance|35074|1000100100000010|[1, 8, 11, 15]|[2.23606797749979, 2.8284271247461903, 3.605551275463989, 3.0, 3.1622776601683795, 1.0]
4|euclidean_distance|35104|1000100100100000|[5, 8, 11, 15]|[1.4142135623730951, 2.23606797749979, 2.8284271247461903, 3.0, 3.1622776601683795, 1.0]
4|euclidean_distance|35344|1000101000010000|[4, 9, 11, 15]|[1.4142135623730951, 3.1622776601683795, 3.605551275463989, 2.0, 2.23606797749979, 1.0]
4|euclidean_distance|36898|1001000000100010|[1, 5, 12, 15]|[1.0, 3.1622776601683795, 3.605551275463989, 2.23606797749979, 2.8284271247461903, 3.0]
4|euclidean_distance|36900|1001000000100100|[2, 5, 12, 15]|[1.4142135623730951, 3.605551275463989, 3.1622776601683795, 2.23606797749979, 2.8284271247461903, 3.0]
4|euclidean_distance|36912|1001000000110000|[4, 5, 12, 15]|[1.0, 2.0, 3.605551275463989, 2.23606797749979, 2.8284271247461903, 3.0]
4|euclidean_distance|36930|1001000001000010|[1, 6, 12, 15]|[1.4142135623730951, 3.1622776601683795, 3.605551275463989, 2.8284271247461903, 2.23606797749979, 3.0]
4|euclidean_distance|36932|1001000001000100|[2, 6, 12, 15]|[1.0, 3.605551275463989, 3.1622776601683795, 2.8284271247461903, 2.23606797749979, 3.0]
4|euclidean_distance|37056|1001000011000000|[6, 7, 12, 15]|[1.0, 2.8284271247461903, 2.23606797749979, 3.605551275463989, 2.0, 3.0]
4|euclidean_distance|37152|1001000100100000|[5, 8, 12, 15]|[1.4142135623730951, 2.23606797749979, 2.8284271247461903, 1.0, 3.1622776601683795, 3.0]
4|euclidean_distance|37378|1001001000000010|[1, 9, 12, 15]|[2.0, 3.1622776601683795, 3.605551275463989, 1.4142135623730951, 2.23606797749979, 3.0]
4|euclidean_distance|37892|1001010000000100|[2, 10, 12, 15]|[2.0, 3.605551275463989, 3.1622776601683795, 2.23606797749979, 1.4142135623730951, 3.0]
4|euclidean_distance|38144|1001010100000000|[8, 10, 12, 15]|[2.0, 1.0, 3.1622776601683795, 2.23606797749979, 1.4142135623730951, 3.0]
4|euclidean_distance|38976|1001100001000000|[6, 11, 12, 15]|[1.4142135623730951, 2.8284271247461903, 2.23606797749979, 3.1622776601683795, 1.0, 3.0]
4|euclidean_distance|39424|1001101000000000|[9, 11, 12, 15]|[2.0, 1.4142135623730951, 2.23606797749979, 3.1622776601683795, 1.0, 3.0]
4|euclidean_distance|40963|1010000000000011|[0, 1, 13, 15]|[1.0, 3.1622776601683795, 4.242640687119285, 3.0, 3.605551275463989, 2.0]
4|manhattan_distance|40963|1010000000000011|[0, 1, 13, 15]|[1, 4, 6, 3, 5, 2]
4|euclidean_distance|40977|1010000000010001|[0, 4, 13, 15]|[1.0, 3.1622776601683795, 4.242640687119285, 2.23606797749979, 3.605551275463989, 2.0]
4|manhattan_distance|40977|1010000000010001|[0, 4, 13, 15]|[1, 4, 6, 3, 5, 2]
4|euclidean_distance|41218|1010000100000010|[1, 8, 13, 15]|[2.23606797749979, 3.0, 3.605551275463989, 1.4142135623730951, 3.1622776601683795, 2.0]
4|euclidean_distance|41232|1010000100010000|[4, 8, 13, 15]|[1.0, 2.23606797749979, 3.605551275463989, 1.4142135623730951, 3.1622776601683795, 2.0]
4|euclidean_distance|41480|1010001000001000|[3, 9, 13, 15]|[2.8284271247461903, 3.605551275463989, 3.0, 1.0, 2.23606797749979, 2.0]
4|euclidean_distance|43009|1010100000000001|[0, 11, 13, 15]|[3.605551275463989, 3.1622776601683795, 4.242640687119285, 2.23606797749979, 1.0, 2.0]
4|manhattan_distance|43009|1010100000000001|[0, 11, 13, 15]|[5, 4, 6, 3, 1, 2]
4|euclidean_distance|43010|1010100000000010|[1, 11, 13, 15]|[2.8284271247461903, 3.0, 3.605551275463989, 2.23606797749979, 1.0, 2.0]
4|euclidean_distance|43264|1010100100000000|[8, 11, 13, 15]|[3.0, 1.4142135623730951, 3.1622776601683795, 2.23606797749979, 1.0, 2.0]
4|euclidean_distance|49157|1100000000000101|[0, 2, 14, 15]|[2.0, 3.605551275463989, 4.242640687119285, 3.0, 3.1622776601683795, 1.0]
4|manhattan_distance|49157|1100000000000101|[0, 2, 14, 15]|[2, 5, 6, 3, 4, 1]
4|euclidean_distance|49172|1100000000010100|[2, 4, 14, 15]|[2.23606797749979, 3.0, 3.1622776601683795, 2.8284271247461903, 3.605551275463989, 1.0]
4|euclidean_distance|49185|1100000000100001|[0, 5, 14, 15]|[1.4142135623730951, 3.605551275463989, 4.242640687119285, 2.23606797749979, 2.8284271247461903, 1.0]
4|manhattan_distance|49185|1100000000100001|[0, 5, 14, 15]|[2, 5, 6, 3, 4, 1]
4|euclidean_distance|49188|1100000000100100|[2, 5, 14, 15]|[1.4142135623730951, 3.0, 3.1622776601683795, 2.23606797749979, 2.8284271247461903, 1.0]
4|euclidean_distance|49218|1100000001000010|[1, 6, 14, 15]|[1.4142135623730951, 3.1622776601683795, 3.605551275463989, 2.0, 2.23606797749979, 1.0]
4|euclidean_distance|49224|1100000001001000|[3, 6, 14, 15]|[1.4142135623730951, 3.1622776601683795, 3.0, 2.0, 2.23606797749979, 1.0]
4|euclidean_distance|49281|1100000010000001|[0, 7, 14, 15]|[3.1622776601683795, 3.605551275463989, 4.242640687119285, 2.23606797749979, 2.0, 1.0]
4|manhattan_distance|49281|1100000010000001|[0, 7, 14, 15]|[4, 5, 6, 3, 2, 1]
4|euclidean_distance|49284|1100000010000100|[2, 7, 14, 15]|[1.4142135623730951, 3.0, 3.1622776601683795, 2.23606797749979, 2.0, 1.0]
4|euclidean_distance|49296|1100000010010000|[4, 7, 14, 15]|[3.0, 2.8284271247461903, 3.605551275463989, 2.23606797749979, 2.0, 1.0]
4|euclidean_distance|49409|1100000100000001|[0, 8, 14, 15]|[2.0, 3.605551275463989, 4.242640687119285, 2.23606797749979, 3.1622776601683795, 1.0]
4|manhattan_distance|49409|1100000100000001|[0, 8, 14, 15]|[2, 5, 6, 3, 4, 1]
4|euclidean_distance|49666|1100001000000010|[1, 9, 14, 15]|[2.0, 3.1622776601683795, 3.605551275463989, 1.4142135623730951, 2.23606797749979, 1.0]
4|euclidean_distance|49672|1100001000001000|[3, 9, 14, 15]|[2.8284271247461903, 3.1622776601683795, 3.0, 1.4142135623730951, 2.23606797749979, 1.0]
5|euclidean_distance|35345|1000101000010001|[0, 4, 9, 11, 15]|[4.0, 4.123105625617661, 2.23606797749979, 3.0, 1.0, 3.605551275463989, 5.0, 3.1622776601683795, 4.47213595499958, 1.4142135623730951]
5|euclidean_distance|41489|1010001000010001|[0, 4, 9, 13, 15]|[4.0, 4.123105625617661, 3.605551275463989, 3.0, 1.0, 2.23606797749979, 5.0, 1.4142135623730951, 4.47213595499958, 3.1622776601683795]
5|euclidean_distance|50194|1100010000010010|[1, 4, 10, 14, 15]|[3.0, 2.23606797749979, 3.605551275463989, 3.1622776601683795, 4.47213595499958, 2.0, 5.0, 4.0, 1.0, 4.123105625617661]
5|euclidean_distance|51224|1100100000011000|[3, 4, 11, 14, 15]|[1.0, 2.8284271247461903, 2.23606797749979, 4.242640687119285, 3.605551275463989, 2.0, 5.0, 3.0, 1.4142135623730951, 4.123105625617661]
5|euclidean_distance|57361|1110000000010001|[0, 4, 13, 14, 15]|[4.0, 3.605551275463989, 4.47213595499958, 3.0, 2.23606797749979, 2.0, 5.0, 1.0, 3.1622776601683795, 4.123105625617661]
5|euclidean_distance|67092|10000011000010100|[2, 4, 9, 10, 16]|[2.0, 2.23606797749979, 2.8284271247461903, 3.1622776601683795, 1.0, 4.47213595499958, 4.242640687119285, 4.123105625617661, 3.605551275463989, 1.4142135623730951]
5|euclidean_distance|98608|11000000100110000|[4, 5, 8, 15, 16]|[4.123105625617661, 1.4142135623730951, 5.0, 4.242640687119285, 3.0, 2.0, 2.23606797749979, 3.605551275463989, 2.8284271247461903, 1.0]
5|euclidean_distance|164364|101000001000001100|[2, 3, 9, 15, 17]|[1.0, 2.23606797749979, 3.605551275463989, 3.0, 1.4142135623730951, 4.242640687119285, 3.1622776601683795, 4.47213595499958, 2.8284271247461903, 2.0]
5|euclidean_distance|165384|101000011000001000|[3, 9, 10, 15, 17]|[1.4142135623730951, 3.605551275463989, 4.242640687119285, 3.1622776601683795, 4.123105625617661, 4.47213595499958, 2.8284271247461903, 1.0, 2.23606797749979, 2.0]
5|euclidean_distance|197652|110000010000010100|[2, 4, 10, 16, 17]|[2.0, 2.8284271247461903, 3.1622776601683795, 3.0, 4.47213595499958, 4.242640687119285, 3.605551275463989, 1.4142135623730951, 2.23606797749979, 1.0]
5|euclidean_distance|278565|1000100000000100101|[0, 2, 5, 14, 18]|[2.0, 1.0, 4.47213595499958, 4.242640687119285, 2.23606797749979, 2.8284271247461903, 3.1622776601683795, 4.123105625617661, 3.605551275463989, 1.4142135623730951]
5|euclidean_distance|295472|1001000001000110000|[4, 5, 9, 15, 18]|[4.123105625617661, 1.0, 5.0, 3.1622776601683795, 4.0, 2.0, 3.605551275463989, 4.47213595499958, 2.23606797749979, 3.0]
5|euclidean_distance|409605|1100100000000000101|[0, 2, 14, 17, 18]|[2.0, 4.47213595499958, 3.605551275463989, 4.242640687119285, 2.8284271247461903, 3.0, 3.1622776601683795, 2.23606797749979, 1.4142135623730951, 1.0]
5|euclidean_distance|526385|10000000100000110001|[0, 4, 5, 11, 19]|[4.0, 1.0, 2.23606797749979, 5.0, 4.123105625617661, 3.605551275463989, 3.0, 1.4142135623730951, 4.47213595499958, 3.1622776601683795]
5|euclidean_distance|527377|10000000110000010001|[0, 4, 10, 11, 19]|[4.0, 2.0, 2.23606797749979, 5.0, 4.47213595499958, 3.605551275463989, 3.0, 1.0, 4.123105625617661, 3.1622776601683795]
5|euclidean_distance|532529|10000010000000110001|[0, 4, 5, 13, 19]|[4.0, 1.0, 3.605551275463989, 5.0, 4.123105625617661, 2.23606797749979, 3.0, 3.1622776601683795, 4.47213595499958, 1.4142135623730951]
5|euclidean_distance|533507|10000010010000000011|[0, 1, 10, 13, 19]|[1.0, 2.0, 3.605551275463989, 5.0, 2.23606797749979, 2.8284271247461903, 4.242640687119285, 3.0, 4.123105625617661, 1.4142135623730951]
5|euclidean_distance|541705|10000100010000001001|[0, 3, 10, 14, 19]|[3.0, 2.0, 4.47213595499958, 5.0, 3.605551275463989, 2.23606797749979, 3.1622776601683795, 4.0, 4.123105625617661, 1.0]
5|euclidean_distance|557168|10001000000001110000|[4, 5, 6, 15, 19]|[4.123105625617661, 3.1622776601683795, 5.0, 3.0, 1.0, 2.0, 4.47213595499958, 2.23606797749979, 3.605551275463989, 4.0]
5|euclidean_distance|557825|10001000001100000001|[0, 8, 9, 15, 19]|[3.1622776601683795, 4.123105625617661, 3.0, 5.0, 1.0, 3.605551275463989, 2.23606797749979, 4.47213595499958, 2.0, 4.0]
5|euclidean_distance|558160|10001000010001010000|[4, 6, 10, 15, 19]|[3.1622776601683795, 4.47213595499958, 5.0, 3.0, 1.4142135623730951, 2.23606797749979, 3.605551275463989, 1.0, 4.123105625617661, 4.0]
5|euclidean_distance|558352|10001000010100010000|[4, 8, 10, 15, 19]|[1.4142135623730951, 4.47213595499958, 5.0, 3.0, 3.1622776601683795, 3.605551275463989, 2.23606797749979, 1.0, 4.123105625617661, 4.0]
5|euclidean_distance|573505|10001100000001000001|[0, 6, 14, 15, 19]|[1.4142135623730951, 4.47213595499958, 3.0, 5.0, 3.1622776601683795, 2.23606797749979, 3.605551275463989, 4.123105625617661, 1.0, 4.0]
5|euclidean_distance|573697|10001100000100000001|[0, 8, 14, 15, 19]|[3.1622776601683795, 4.47213595499958, 3.0, 5.0, 1.4142135623730951, 3.605551275463989, 2.23606797749979, 4.123105625617661, 1.0, 4.0]
5|euclidean_distance|590369|10010000001000100001|[0, 5, 9, 16, 19]|[1.0, 4.123105625617661, 3.1622776601683795, 5.0, 4.0, 2.23606797749979, 4.47213595499958, 3.605551275463989, 2.0, 3.0]
5|euclidean_distance|655398|10100000000000100110|[1, 2, 5, 17, 19]|[1.0, 1.4142135623730951, 3.1622776601683795, 4.242640687119285, 2.23606797749979, 3.0, 3.605551275463989, 2.8284271247461903, 4.47213595499958, 2.0]
5|euclidean_distance|671778|10100100000000100010|[1, 5, 14, 17, 19]|[1.4142135623730951, 3.605551275463989, 3.1622776601683795, 4.242640687119285, 4.123105625617661, 2.8284271247461903, 4.47213595499958, 2.23606797749979, 1.0, 2.0]
5|euclidean_distance|787009|11000000001001000001|[0, 6, 9, 18, 19]|[1.4142135623730951, 4.123105625617661, 4.242640687119285, 5.0, 3.0, 2.8284271247461903, 3.605551275463989, 2.23606797749979, 2.0, 1.0]
5|euclidean_distance|1048760|100000000000010111000|[3, 4, 5, 7, 20]|[1.0, 3.1622776601683795, 1.4142135623730951, 5.0, 4.123105625617661, 2.23606797749979, 5.656854249492381, 2.0, 3.0, 3.605551275463989]
5|euclidean_distance|1049234|100000000001010010010|[1, 4, 7, 9, 20]|[3.0, 1.4142135623730951, 3.1622776601683795, 4.123105625617661, 2.23606797749979, 1.0, 5.656854249492381, 2.0, 3.605551275463989, 5.0]
5|euclidean_distance|1049281|100000000001011000001|[0, 6, 7, 9, 20]|[1.4142135623730951, 2.23606797749979, 4.123105625617661, 4.0, 1.0, 3.0, 3.1622776601683795, 2.0, 3.605551275463989, 5.0]
5|euclidean_distance|1049349|100000000001100000101|[0, 2, 8, 9, 20]|[2.0, 3.1622776601683795, 4.123105625617661, 4.0, 1.4142135623730951, 2.23606797749979, 4.47213595499958, 1.0, 4.242640687119285, 5.0]
5|euclidean_distance|1050372|100000000011100000100|[2, 8, 9, 10, 20]|[1.4142135623730951, 2.23606797749979, 2.8284271247461903, 4.47213595499958, 1.0, 3.1622776601683795, 4.242640687119285, 4.123105625617661, 5.0, 2.0]
5|euclidean_distance|1050680|100000000100000111000|[3, 4, 5, 11, 20]|[1.0, 3.1622776601683795, 2.8284271247461903, 5.0, 4.123105625617661, 3.605551275463989, 5.656854249492381, 1.4142135623730951, 3.0, 2.23606797749979]
5|euclidean_distance|1051184|100000000101000110000|[4, 5, 9, 11, 20]|[4.123105625617661, 1.0, 3.605551275463989, 5.656854249492381, 4.0, 1.4142135623730951, 3.0, 3.1622776601683795, 5.0, 2.23606797749979]
5|euclidean_distance|1057298|100000010001000010010|[1, 4, 9, 13, 20]|[3.0, 3.1622776601683795, 2.8284271247461903, 4.123105625617661, 1.0, 2.23606797749979, 5.656854249492381, 1.4142135623730951, 5.0, 3.605551275463989]
5|euclidean_distance|1057328|100000010001000110000|[4, 5, 9, 13, 20]|[4.123105625617661, 1.0, 2.23606797749979, 5.656854249492381, 4.0, 3.1622776601683795, 3.0, 1.4142135623730951, 5.0, 3.605551275463989]
5|euclidean_distance|1058052|100000010010100000100|[2, 8, 10, 13, 20]|[1.4142135623730951, 2.8284271247461903, 2.23606797749979, 4.47213595499958, 3.1622776601683795, 1.0, 4.242640687119285, 3.0, 2.0, 3.605551275463989]
5|euclidean_distance|1058064|100000010010100010000|[4, 8, 10, 13, 20]|[1.4142135623730951, 4.47213595499958, 2.23606797749979, 5.656854249492381, 3.1622776601683795, 1.0, 4.242640687119285, 3.0, 2.0, 3.605551275463989]
5|euclidean_distance|1058320|100000010011000010000|[4, 9, 10, 13, 20]|[1.0, 4.47213595499958, 2.23606797749979, 5.656854249492381, 4.123105625617661, 1.4142135623730951, 5.0, 3.0, 2.0, 3.605551275463989]
5|euclidean_distance|1066024|100000100010000101000|[3, 5, 10, 14, 20]|[3.1622776601683795, 3.605551275463989, 2.23606797749979, 5.0, 1.0, 4.123105625617661, 3.0, 4.0, 2.0, 4.47213595499958]
5|euclidean_distance|1066248|100000100010100001000|[3, 8, 10, 14, 20]|[1.0, 3.605551275463989, 2.23606797749979, 5.0, 3.1622776601683795, 1.4142135623730951, 4.242640687119285, 4.0, 2.0, 4.47213595499958]
5|euclidean_distance|1081490|100001000000010010010|[1, 4, 7, 15, 20]|[3.0, 1.4142135623730951, 3.1622776601683795, 4.123105625617661, 2.23606797749979, 5.0, 5.656854249492381, 2.8284271247461903, 3.605551275463989, 1.0]
5|euclidean_distance|1081618|100001000000100010010|[1, 4, 8, 15, 20]|[3.0, 2.23606797749979, 3.1622776601683795, 4.123105625617661, 1.4142135623730951, 5.0, 5.656854249492381, 3.605551275463989, 4.242640687119285, 1.0]
5|euclidean_distance|1081985|100001000001010000001|[0, 7, 9, 15, 20]|[2.23606797749979, 4.123105625617661, 3.0, 4.0, 2.0, 2.8284271247461903, 3.605551275463989, 4.47213595499958, 5.0, 1.0]
5|euclidean_distance|1083410|100001000100000010010|[1, 4, 11, 15, 20]|[3.0, 2.0, 3.1622776601683795, 4.123105625617661, 3.605551275463989, 5.0, 5.656854249492381, 1.4142135623730951, 2.23606797749979, 1.0]
5|euclidean_distance|1099792|100001100100000010000|[4, 11, 14, 15, 20]|[3.605551275463989, 2.0, 5.0, 5.656854249492381, 3.0, 1.4142135623730951, 2.23606797749979, 4.123105625617661, 4.47213595499958, 1.0]
5|euclidean_distance|1114168|100010000000000111000|[3, 4, 5, 16, 20]|[1.0, 3.1622776601683795, 3.605551275463989, 5.0, 4.123105625617661, 4.242640687119285, 5.656854249492381, 2.23606797749979, 3.0, 1.4142135623730951]
5|euclidean_distance|1114378|100010000000100001010|[1, 3, 8, 16, 20]|[2.0, 2.23606797749979, 3.0, 4.123105625617661, 1.0, 3.605551275463989, 5.0, 2.8284271247461903, 4.242640687119285, 1.4142135623730951]
5|euclidean_distance|1114644|100010000001000010100|[2, 4, 9, 16, 20]|[2.0, 2.23606797749979, 3.1622776601683795, 4.47213595499958, 1.0, 4.242640687119285, 5.656854249492381, 3.605551275463989, 5.0, 1.4142135623730951]
5|euclidean_distance|1114672|100010000001000110000|[4, 5, 9, 16, 20]|[4.123105625617661, 1.0, 4.242640687119285, 5.656854249492381, 4.0, 2.23606797749979, 3.0, 3.605551275463989, 5.0, 1.4142135623730951]
5|euclidean_distance|1114882|100010000001100000010|[1, 8, 9, 16, 20]|[2.23606797749979, 3.1622776601683795, 3.0, 4.123105625617661, 1.0, 2.8284271247461903, 4.242640687119285, 3.605551275463989, 5.0, 1.4142135623730951]
5|euclidean_distance|1130520|100010100000000011000|[3, 4, 14, 16, 20]|[1.0, 2.23606797749979, 3.605551275463989, 5.0, 2.0, 4.242640687119285, 5.656854249492381, 3.1622776601683795, 4.47213595499958, 1.4142135623730951]
5|euclidean_distance|1131040|100010100001000100000|[5, 9, 14, 16, 20]|[4.0, 4.123105625617661, 2.23606797749979, 3.0, 1.0, 3.605551275463989, 5.0, 3.1622776601683795, 4.47213595499958, 1.4142135623730951]
5|euclidean_distance|1132560|100010100100000010000|[4, 11, 14, 16, 20]|[3.605551275463989, 2.0, 4.242640687119285, 5.656854249492381, 3.0, 1.0, 2.23606797749979, 3.1622776601683795, 4.47213595499958, 1.4142135623730951]
5|euclidean_distance|1212929|100101000001000000001|[0, 9, 15, 17, 20]|[4.123105625617661, 3.0, 3.605551275463989, 4.0, 4.47213595499958, 2.8284271247461903, 5.0, 2.0, 1.0, 2.23606797749979]
5|euclidean_distance|1245204|100110000000000010100|[2, 4, 16, 17, 20]|[2.0, 3.1622776601683795, 3.0, 4.47213595499958, 4.242640687119285, 3.605551275463989, 5.656854249492381, 1.0, 1.4142135623730951, 2.23606797749979]
5|euclidean_distance|1327648|101000100001000100000|[5, 9, 14, 18, 20]|[4.0, 4.123105625617661, 3.605551275463989, 3.0, 1.0, 2.23606797749979, 5.0, 1.4142135623730951, 4.47213595499958, 3.1622776601683795]
5|euclidean_distance|1573016|110000000000010011000|[3, 4, 7, 19, 20]|[1.0, 1.4142135623730951, 3.1622776601683795, 5.0, 2.23606797749979, 3.0, 5.656854249492381, 2.8284271247461903, 3.605551275463989, 4.123105625617661]
5|euclidean_distance|1573025|110000000000010100001|[0, 5, 7, 19, 20]|[1.0, 2.23606797749979, 5.0, 4.0, 2.0, 4.47213595499958, 3.0, 2.8284271247461903, 3.605551275463989, 4.123105625617661]
5|euclidean_distance|1573125|110000000000100000101|[0, 2, 8, 19, 20]|[2.0, 3.1622776601683795, 5.0, 4.0, 1.4142135623730951, 3.605551275463989, 4.47213595499958, 2.23606797749979, 4.242640687119285, 4.123105625617661]
5|euclidean_distance|1581080|110000010000000011000|[3, 4, 13, 19, 20]|[1.0, 2.0, 3.1622776601683795, 5.0, 2.23606797749979, 3.0, 5.656854249492381, 1.4142135623730951, 3.605551275463989, 4.123105625617661]
5|euclidean_distance|1605904|110001000000100010000|[4, 8, 15, 19, 20]|[1.4142135623730951, 5.0, 3.0, 5.656854249492381, 3.605551275463989, 2.23606797749979, 4.242640687119285, 4.0, 1.0, 4.123105625617661]
5|euclidean_distance|1606208|110001000001001000000|[6, 9, 15, 19, 20]|[3.0, 2.23606797749979, 3.605551275463989, 3.1622776601683795, 4.47213595499958, 2.0, 5.0, 4.0, 1.0, 4.123105625617661]
5|euclidean_distance|1607696|110001000100000010000|[4, 11, 15, 19, 20]|[3.605551275463989, 5.0, 3.0, 5.656854249492381, 1.4142135623730951, 3.1622776601683795, 2.23606797749979, 4.0, 1.0, 4.123105625617661]
5|euclidean_distance|1613840|110001010000000010000|[4, 13, 15, 19, 20]|[2.23606797749979, 5.0, 3.0, 5.656854249492381, 3.1622776601683795, 1.4142135623730951, 3.605551275463989, 4.0, 1.0, 4.123105625617661]
5|euclidean_distance|1638664|110010000000100001000|[3, 8, 16, 19, 20]|[1.0, 3.605551275463989, 3.1622776601683795, 5.0, 2.8284271247461903, 2.23606797749979, 4.242640687119285, 3.0, 1.4142135623730951, 4.123105625617661]
5|euclidean_distance|1639168|110010000001100000000|[8, 9, 16, 19, 20]|[1.0, 2.8284271247461903, 2.23606797749979, 4.242640687119285, 3.605551275463989, 2.0, 5.0, 3.0, 1.4142135623730951, 4.123105625617661]
5|euclidean_distance|1703969|110100000000000100001|[0, 5, 17, 19, 20]|[1.0, 3.605551275463989, 5.0, 4.0, 2.8284271247461903, 4.47213595499958, 3.0, 2.0, 2.23606797749979, 4.123105625617661]
5|euclidean_distance|1769473|110110000000000000001|[0, 16, 17, 19, 20]|[3.1622776601683795, 3.605551275463989, 5.0, 4.0, 1.0, 3.0, 1.4142135623730951, 2.0, 2.23606797749979, 4.123105625617661]
5|euclidean_distance|1835552|111000000001000100000|[5, 9, 18, 19, 20]|[4.0, 3.605551275463989, 4.47213595499958, 3.0, 2.23606797749979, 2.0, 5.0, 1.0, 3.1622776601683795, 4.123105625617661]
5|euclidean_distance|2099225|1000000000100000011001|[0, 3, 4, 11, 21]|[3.0, 4.0, 2.23606797749979, 4.123105625617661, 1.0, 2.8284271247461903, 4.47213595499958, 3.605551275463989, 5.0, 2.0]
5|euclidean_distance|2099281|1000000000100001010001|[0, 4, 6, 11, 21]|[4.0, 1.4142135623730951, 2.23606797749979, 4.123105625617661, 3.1622776601683795, 3.605551275463989, 5.0, 1.0, 3.0, 2.0]
5|euclidean_distance|2100744|1000000000111000001000|[3, 9, 10, 11, 21]|[1.4142135623730951, 3.605551275463989, 2.8284271247461903, 4.47213595499958, 4.123105625617661, 3.1622776601683795, 4.242640687119285, 1.0, 2.23606797749979, 2.0]
5|euclidean_distance|2105369|1000000010000000011001|[0, 3, 4, 13, 21]|[3.0, 4.0, 3.605551275463989, 4.123105625617661, 1.0, 2.0, 4.47213595499958, 2.23606797749979, 5.0, 2.8284271247461903]
5|euclidean_distance|2116104|1000000100101000001000|[3, 9, 11, 14, 21]|[1.4142135623730951, 2.8284271247461903, 2.23606797749979, 4.47213595499958, 3.1622776601683795, 1.0, 4.242640687119285, 3.0, 2.0, 3.605551275463989]
5|euclidean_distance|2130564|1000001000001010000100|[2, 7, 9, 15, 21]|[1.0, 2.23606797749979, 3.605551275463989, 4.123105625617661, 2.0, 2.8284271247461903, 3.1622776601683795, 4.47213595499958, 4.242640687119285, 1.4142135623730951]
5|euclidean_distance|2138124|1000001010000000001100|[2, 3, 13, 15, 21]|[1.0, 2.23606797749979, 3.605551275463989, 4.123105625617661, 2.0, 4.242640687119285, 4.47213595499958, 3.1622776601683795, 2.8284271247461903, 1.4142135623730951]
5|euclidean_distance|2139144|1000001010010000001000|[3, 10, 13, 15, 21]|[3.605551275463989, 2.0, 4.242640687119285, 4.47213595499958, 3.0, 1.0, 2.23606797749979, 3.1622776601683795, 2.8284271247461903, 1.4142135623730951]
5|euclidean_distance|2146944|1000001100001010000000|[7, 9, 14, 15, 21]|[2.0, 2.23606797749979, 2.8284271247461903, 3.1622776601683795, 1.0, 4.47213595499958, 4.242640687119285, 4.123105625617661, 3.605551275463989, 1.4142135623730951]
5|euclidean_distance|2154504|1000001110000000001000|[3, 13, 14, 15, 21]|[2.0, 2.23606797749979, 4.242640687119285, 4.47213595499958, 1.0, 3.1622776601683795, 2.8284271247461903, 4.123105625617661, 3.605551275463989, 1.4142135623730951]
5|euclidean_distance|2162992|1000010000000100110000|[4, 5, 8, 16, 21]|[4.123105625617661, 1.4142135623730951, 4.242640687119285, 5.0, 3.0, 2.23606797749979, 3.1622776601683795, 2.8284271247461903, 3.605551275463989, 1.0]
5|euclidean_distance|2163729|1000010000010000010001|[0, 4, 10, 16, 21]|[4.0, 2.0, 3.1622776601683795, 4.123105625617661, 4.47213595499958, 4.242640687119285, 5.0, 1.4142135623730951, 2.23606797749979, 1.0]
5|euclidean_distance|2163732|1000010000010000010100|[2, 4, 10, 16, 21]|[2.0, 2.8284271247461903, 3.1622776601683795, 4.123105625617661, 4.47213595499958, 4.242640687119285, 5.0, 1.4142135623730951, 2.23606797749979, 1.0]
5|euclidean_distance|2180112|1000010100010000010000|[4, 10, 14, 16, 21]|[4.47213595499958, 2.0, 4.242640687119285, 5.0, 4.0, 1.4142135623730951, 2.23606797749979, 3.1622776601683795, 3.605551275463989, 1.0]
5|euclidean_distance|2228756|1000100000001000010100|[2, 4, 9, 17, 21]|[2.0, 2.23606797749979, 3.0, 4.123105625617661, 1.0, 3.605551275463989, 5.0, 2.8284271247461903, 4.242640687119285, 1.4142135623730951]
5|euclidean_distance|2375697|1001000100000000010001|[0, 4, 14, 18, 21]|[4.0, 4.47213595499958, 4.242640687119285, 4.123105625617661, 2.0, 3.1622776601683795, 5.0, 1.4142135623730951, 3.605551275463989, 2.23606797749979]
5|euclidean_distance|2638864|1010000100010000010000|[4, 10, 14, 19, 21]|[4.47213595499958, 2.0, 3.0, 5.0, 4.0, 4.123105625617661, 2.23606797749979, 1.0, 3.605551275463989, 3.1622776601683795]
5|euclidean_distance|2883649|1011000000000001000001|[0, 6, 18, 19, 21]|[1.4142135623730951, 4.242640687119285, 5.0, 4.123105625617661, 2.8284271247461903, 3.605551275463989, 3.0, 1.0, 2.23606797749979, 3.1622776601683795]
5|euclidean_distance|3145865|1100000000000010001001|[0, 3, 7, 20, 21]|[3.0, 2.23606797749979, 4.0, 4.123105625617661, 1.4142135623730951, 5.0, 4.47213595499958, 3.605551275463989, 3.1622776601683795, 1.0]
5|euclidean_distance|3145874|1100000000000010010010|[1, 4, 7, 20, 21]|[3.0, 1.4142135623730951, 4.123105625617661, 4.0, 2.23606797749979, 5.656854249492381, 5.0, 3.605551275463989, 3.1622776601683795, 1.0]
5|euclidean_distance|3146002|1100000000000100010010|[1, 4, 8, 20, 21]|[3.0, 2.23606797749979, 4.123105625617661, 4.0, 1.4142135623730951, 5.656854249492381, 5.0, 4.242640687119285, 3.605551275463989, 1.0]
5|euclidean_distance|3147012|1100000000010100000100|[2, 8, 10, 20, 21]|[1.4142135623730951, 2.8284271247461903, 4.47213595499958, 4.123105625617661, 3.1622776601683795, 4.242640687119285, 3.605551275463989, 2.0, 2.23606797749979, 1.0]
5|euclidean_distance|3147024|1100000000010100010000|[4, 8, 10, 20, 21]|[1.4142135623730951, 4.47213595499958, 5.656854249492381, 5.0, 3.1622776601683795, 4.242640687119285, 3.605551275463989, 2.0, 2.23606797749979, 1.0]
5|euclidean_distance|3147824|1100000000100000110000|[4, 5, 11, 20, 21]|[4.123105625617661, 3.605551275463989, 5.656854249492381, 5.0, 1.4142135623730951, 3.0, 3.1622776601683795, 2.23606797749979, 2.0, 1.0]
5|euclidean_distance|3155456|1100000010011000000000|[9, 10, 13, 20, 21]|[4.123105625617661, 1.4142135623730951, 5.0, 4.242640687119285, 3.0, 2.0, 2.23606797749979, 3.605551275463989, 2.8284271247461903, 1.0]
5|euclidean_distance|3276809|1100100000000000001001|[0, 3, 17, 20, 21]|[3.0, 3.605551275463989, 4.0, 4.123105625617661, 3.1622776601683795, 5.0, 4.47213595499958, 2.23606797749979, 1.4142135623730951, 1.0]
5|euclidean_distance|3276818|1100100000000000010010|[1, 4, 17, 20, 21]|[3.0, 3.1622776601683795, 4.123105625617661, 4.0, 3.605551275463989, 5.656854249492381, 5.0, 2.23606797749979, 1.4142135623730951, 1.0]
5|euclidean_distance|3276820|1100100000000000010100|[2, 4, 17, 20, 21]|[2.0, 3.0, 4.47213595499958, 4.123105625617661, 3.605551275463989, 5.656854249492381, 5.0, 2.23606797749979, 1.4142135623730951, 1.0]
5|euclidean_distance|3276848|1100100000000000110000|[4, 5, 17, 20, 21]|[4.123105625617661, 3.605551275463989, 5.656854249492381, 5.0, 2.8284271247461903, 3.0, 3.1622776601683795, 2.23606797749979, 1.4142135623730951, 1.0]
5|euclidean_distance|3407882|1101000000000000001010|[1, 3, 18, 20, 21]|[2.0, 3.605551275463989, 4.123105625617661, 4.0, 3.0, 5.0, 4.47213595499958, 3.1622776601683795, 2.23606797749979, 1.0]
5|euclidean_distance|3670288|1110000000000100010000|[4, 8, 19, 20, 21]|[1.4142135623730951, 3.0, 5.656854249492381, 5.0, 2.23606797749979, 4.242640687119285, 3.605551275463989, 4.123105625617661, 3.1622776601683795, 1.0]
5|euclidean_distance|3678224|1110000010000000010000|[4, 13, 19, 20, 21]|[2.23606797749979, 3.0, 5.656854249492381, 5.0, 1.4142135623730951, 3.605551275463989, 2.8284271247461903, 4.123105625617661, 3.1622776601683795, 1.0]
5|euclidean_distance|3801104|1110100000000000010000|[4, 17, 19, 20, 21]|[3.605551275463989, 3.0, 5.656854249492381, 5.0, 2.0, 2.23606797749979, 1.4142135623730951, 4.123105625617661, 3.1622776601683795, 1.0]
5|euclidean_distance|4227094|10000001000000000010110|[1, 2, 4, 15, 22]|[1.0, 3.0, 3.1622776601683795, 4.123105625617661, 2.0, 3.605551275463989, 4.0, 5.0, 4.47213595499958, 2.23606797749979]
5|euclidean_distance|4276248|10000010100000000011000|[3, 4, 14, 16, 22]|[1.0, 2.23606797749979, 3.605551275463989, 4.123105625617661, 2.0, 4.242640687119285, 4.47213595499958, 3.1622776601683795, 2.8284271247461903, 1.4142135623730951]
5|euclidean_distance|4278288|10000010100100000010000|[4, 11, 14, 16, 22]|[3.605551275463989, 2.0, 4.242640687119285, 4.47213595499958, 3.0, 1.0, 2.23606797749979, 3.1622776601683795, 2.8284271247461903, 1.4142135623730951]
5|euclidean_distance|4292628|10000011000000000010100|[2, 4, 15, 16, 22]|[2.0, 3.605551275463989, 3.1622776601683795, 4.0, 5.0, 4.242640687119285, 4.47213595499958, 1.0, 2.23606797749979, 1.4142135623730951]
5|euclidean_distance|4309008|10000011100000000010000|[4, 14, 15, 16, 22]|[2.0, 5.0, 4.242640687119285, 4.47213595499958, 4.123105625617661, 3.1622776601683795, 2.8284271247461903, 1.0, 2.23606797749979, 1.4142135623730951]
5|euclidean_distance|4358664|10000101000001000001000|[3, 9, 15, 17, 22]|[1.4142135623730951, 4.242640687119285, 3.1622776601683795, 4.123105625617661, 4.47213595499958, 2.8284271247461903, 3.605551275463989, 2.0, 2.23606797749979, 1.0]
5|euclidean_distance|4457475|10001000000010000000011|[0, 1, 10, 18, 22]|[1.0, 2.0, 4.242640687119285, 4.47213595499958, 2.23606797749979, 3.605551275463989, 4.123105625617661, 3.1622776601683795, 2.8284271247461903, 1.4142135623730951]
5|euclidean_distance|4465665|10001000010010000000001|[0, 10, 13, 18, 22]|[2.0, 3.605551275463989, 4.242640687119285, 4.47213595499958, 3.0, 3.1622776601683795, 2.8284271247461903, 1.0, 2.23606797749979, 1.4142135623730951]
5|euclidean_distance|4718605|10010000000000000001101|[0, 2, 3, 19, 22]|[2.0, 3.0, 5.0, 4.47213595499958, 1.0, 3.605551275463989, 4.0, 3.1622776601683795, 4.123105625617661, 2.23606797749979]
5|euclidean_distance|4849698|10010100000000000100010|[1, 5, 17, 19, 22]|[1.4142135623730951, 3.1622776601683795, 4.242640687119285, 4.123105625617661, 2.8284271247461903, 4.47213595499958, 3.605551275463989, 2.0, 1.0, 2.23606797749979]
5|euclidean_distance|4980741|10011000000000000000101|[0, 2, 18, 19, 22]|[2.0, 4.242640687119285, 5.0, 4.47213595499958, 3.1622776601683795, 3.605551275463989, 4.0, 1.0, 1.4142135623730951, 2.23606797749979]
5|euclidean_distance|4981761|10011000000010000000001|[0, 10, 18, 19, 22]|[2.0, 4.242640687119285, 5.0, 4.47213595499958, 3.1622776601683795, 4.123105625617661, 2.8284271247461903, 1.0, 1.4142135623730951, 2.23606797749979]
5|euclidean_distance|5242924|10100000000000000101100|[2, 3, 5, 20, 22]|[1.0, 2.23606797749979, 4.47213595499958, 4.0, 3.1622776601683795, 5.0, 4.123105625617661, 3.0, 3.605551275463989, 2.0]
5|euclidean_distance|5243032|10100000000000010011000|[3, 4, 7, 20, 22]|[1.0, 1.4142135623730951, 5.0, 4.123105625617661, 2.23606797749979, 5.656854249492381, 4.47213595499958, 3.605551275463989, 3.0, 2.0]
5|euclidean_distance|5243280|10100000000000110010000|[4, 7, 8, 20, 22]|[2.23606797749979, 1.4142135623730951, 5.656854249492381, 4.47213595499958, 1.0, 3.605551275463989, 3.0, 4.242640687119285, 3.1622776601683795, 2.0]
5|euclidean_distance|5243652|10100000000001100000100|[2, 8, 9, 20, 22]|[1.4142135623730951, 2.23606797749979, 4.47213595499958, 4.0, 1.0, 4.242640687119285, 3.1622776601683795, 5.0, 3.605551275463989, 2.0]
5|euclidean_distance|5259528|10100000100000100001000|[3, 8, 14, 20, 22]|[1.0, 2.23606797749979, 5.0, 4.123105625617661, 1.4142135623730951, 4.242640687119285, 3.1622776601683795, 4.47213595499958, 2.8284271247461903, 2.0]
5|euclidean_distance|5259648|10100000100000110000000|[7, 8, 14, 20, 22]|[1.0, 2.23606797749979, 3.605551275463989, 3.0, 1.4142135623730951, 4.242640687119285, 3.1622776601683795, 4.47213595499958, 2.8284271247461903, 2.0]
5|euclidean_distance|5275784|10100001000000010001000|[3, 7, 15, 20, 22]|[1.4142135623730951, 4.242640687119285, 5.0, 4.123105625617661, 2.8284271247461903, 3.605551275463989, 3.0, 1.0, 2.23606797749979, 2.0]
5|euclidean_distance|5275920|10100001000000100010000|[4, 8, 15, 20, 22]|[1.4142135623730951, 5.0, 5.656854249492381, 4.47213595499958, 3.605551275463989, 4.242640687119285, 3.1622776601683795, 1.0, 2.23606797749979, 2.0]
5|euclidean_distance|5292288|10100001100000100000000|[8, 14, 15, 20, 22]|[1.4142135623730951, 3.605551275463989, 4.242640687119285, 3.1622776601683795, 4.123105625617661, 4.47213595499958, 2.8284271247461903, 1.0, 2.23606797749979, 2.0]
5|euclidean_distance|5373961|10100100000000000001001|[0, 3, 17, 20, 22]|[3.0, 3.605551275463989, 4.0, 4.47213595499958, 3.1622776601683795, 5.0, 4.123105625617661, 2.23606797749979, 1.0, 2.0]
5|euclidean_distance|5505537|10101000000001000000001|[0, 9, 18, 20, 22]|[4.123105625617661, 4.242640687119285, 4.0, 4.47213595499958, 2.23606797749979, 5.0, 3.605551275463989, 3.1622776601683795, 1.4142135623730951, 2.0]
5|euclidean_distance|6029313|10111000000000000000001|[0, 18, 19, 20, 22]|[4.242640687119285, 5.0, 4.0, 4.47213595499958, 1.0, 3.1622776601683795, 1.4142135623730951, 4.123105625617661, 2.23606797749979, 2.0]
5|euclidean_distance|6291730|11000000000000100010010|[1, 4, 8, 21, 22]|[3.0, 2.23606797749979, 4.0, 4.123105625617661, 1.4142135623730951, 5.0, 4.47213595499958, 3.605551275463989, 3.1622776601683795, 1.0]
5|euclidean_distance|6294024|11000000000101000001000|[3, 9, 11, 21, 22]|[1.4142135623730951, 2.8284271247461903, 4.47213595499958, 4.123105625617661, 3.1622776601683795, 4.242640687119285, 3.605551275463989, 2.0, 2.23606797749979, 1.0]
5|euclidean_distance|6324864|11000001000001010000000|[7, 9, 15, 21, 22]|[2.0, 2.8284271247461903, 3.1622776601683795, 3.0, 4.47213595499958, 4.242640687119285, 3.605551275463989, 1.4142135623730951, 2.23606797749979, 1.0]
5|euclidean_distance|6553618|11001000000000000010010|[1, 4, 18, 21, 22]|[3.0, 3.605551275463989, 4.0, 4.123105625617661, 3.1622776601683795, 5.0, 4.47213595499958, 2.23606797749979, 1.4142135623730951, 1.0]
5|euclidean_distance|6815764|11010000000000000010100|[2, 4, 19, 21, 22]|[2.0, 3.605551275463989, 4.123105625617661, 4.0, 3.0, 5.0, 4.47213595499958, 3.1622776601683795, 2.23606797749979, 1.0]
5|euclidean_distance|8390675|100000000000100000010011|[0, 1, 4, 11, 23]|[1.0, 4.0, 2.23606797749979, 5.0, 3.0, 2.0, 4.47213595499958, 3.605551275463989, 4.123105625617661, 2.8284271247461903]
5|euclidean_distance|8396819|100000000010000000010011|[0, 1, 4, 13, 23]|[1.0, 4.0, 3.605551275463989, 5.0, 3.0, 2.8284271247461903, 4.47213595499958, 2.23606797749979, 4.123105625617661, 2.0]
5|euclidean_distance|8397073|100000000010000100010001|[0, 4, 8, 13, 23]|[4.0, 3.1622776601683795, 3.605551275463989, 5.0, 1.4142135623730951, 2.23606797749979, 4.123105625617661, 1.0, 3.0, 2.0]
5|euclidean_distance|8397858|100000000010010000100010|[1, 5, 10, 13, 23]|[1.4142135623730951, 2.23606797749979, 2.8284271247461903, 4.47213595499958, 1.0, 3.1622776601683795, 4.242640687119285, 3.0, 3.605551275463989, 2.0]
5|euclidean_distance|8413218|100000000110000000100010|[1, 5, 13, 14, 23]|[1.4142135623730951, 2.8284271247461903, 3.605551275463989, 4.47213595499958, 3.1622776601683795, 4.123105625617661, 4.242640687119285, 1.0, 2.0, 2.23606797749979]
5|euclidean_distance|8438785|100000001100010000000001|[0, 10, 14, 15, 23]|[2.0, 4.47213595499958, 3.0, 5.0, 4.0, 1.0, 3.605551275463989, 4.123105625617661, 2.23606797749979, 3.1622776601683795]
5|euclidean_distance|8455185|100000010000010000010001|[0, 4, 10, 16, 23]|[4.0, 2.0, 3.1622776601683795, 5.0, 4.47213595499958, 4.242640687119285, 4.123105625617661, 1.4142135623730951, 3.605551275463989, 2.23606797749979]
5|euclidean_distance|8487184|100000011000000100010000|[4, 8, 15, 16, 23]|[1.4142135623730951, 5.0, 4.242640687119285, 4.123105625617661, 3.605551275463989, 2.8284271247461903, 3.0, 1.0, 3.1622776601683795, 2.23606797749979]
5|euclidean_distance|8519717|100000100000000000100101|[0, 2, 5, 17, 23]|[2.0, 1.0, 3.605551275463989, 5.0, 2.23606797749979, 3.0, 4.123105625617661, 2.8284271247461903, 4.242640687119285, 1.4142135623730951]
5|euclidean_distance|8651329|100001000000001001000001|[0, 6, 9, 18, 23]|[1.4142135623730951, 4.123105625617661, 4.242640687119285, 5.0, 3.0, 2.8284271247461903, 3.605551275463989, 2.23606797749979, 3.1622776601683795, 1.0]
5|euclidean_distance|8667141|100001000100000000000101|[0, 2, 14, 18, 23]|[2.0, 4.47213595499958, 4.242640687119285, 5.0, 2.8284271247461903, 3.1622776601683795, 4.123105625617661, 1.4142135623730951, 2.23606797749979, 1.0]
5|euclidean_distance|8667153|100001000100000000010001|[0, 4, 14, 18, 23]|[4.0, 4.47213595499958, 4.242640687119285, 5.0, 2.0, 3.1622776601683795, 4.123105625617661, 1.4142135623730951, 2.23606797749979, 1.0]
5|euclidean_distance|8668161|100001000100010000000001|[0, 10, 14, 18, 23]|[2.0, 4.47213595499958, 4.242640687119285, 5.0, 4.0, 3.1622776601683795, 3.605551275463989, 1.4142135623730951, 2.23606797749979, 1.0]
5|euclidean_distance|8913060|100010000000000010100100|[2, 5, 7, 19, 23]|[2.23606797749979, 1.0, 3.605551275463989, 4.123105625617661, 2.0, 4.47213595499958, 4.242640687119285, 2.8284271247461903, 3.1622776601683795, 1.4142135623730951]
5|euclidean_distance|8914080|100010000000010010100000|[5, 7, 10, 19, 23]|[2.0, 1.0, 4.47213595499958, 4.242640687119285, 2.23606797749979, 2.8284271247461903, 3.1622776601683795, 4.123105625617661, 3.605551275463989, 1.4142135623730951]
5|euclidean_distance|8914950|100010000000100000000110|[1, 2, 11, 19, 23]|[1.0, 2.0, 4.242640687119285, 4.47213595499958, 2.23606797749979, 3.605551275463989, 4.123105625617661, 3.1622776601683795, 2.8284271247461903, 1.4142135623730951]
5|euclidean_distance|8915970|100010000000110000000010|[1, 10, 11, 19, 23]|[2.23606797749979, 2.0, 4.242640687119285, 4.47213595499958, 1.0, 4.123105625617661, 3.605551275463989, 3.1622776601683795, 2.8284271247461903, 1.4142135623730951]
5|euclidean_distance|8931330|100010000100100000000010|[1, 11, 14, 19, 23]|[2.0, 3.605551275463989, 4.242640687119285, 4.47213595499958, 3.0, 3.1622776601683795, 2.8284271247461903, 1.0, 2.23606797749979, 1.4142135623730951]
5|euclidean_distance|9437258|100100000000000001001010|[1, 3, 6, 20, 23]|[2.0, 1.0, 4.123105625617661, 4.47213595499958, 2.23606797749979, 5.0, 4.0, 3.1622776601683795, 3.605551275463989, 3.0]
5|euclidean_distance|9437260|100100000000000001001100|[2, 3, 6, 20, 23]|[1.0, 1.4142135623730951, 4.47213595499958, 4.123105625617661, 2.23606797749979, 5.0, 4.0, 3.1622776601683795, 3.605551275463989, 3.0]
5|euclidean_distance|9437315|100100000000000010000011|[0, 1, 7, 20, 23]|[1.0, 2.23606797749979, 4.0, 5.0, 1.4142135623730951, 4.123105625617661, 4.47213595499958, 3.605551275463989, 3.1622776601683795, 3.0]
5|euclidean_distance|9437317|100100000000000010000101|[0, 2, 7, 20, 23]|[2.0, 2.23606797749979, 4.0, 5.0, 1.0, 4.47213595499958, 4.123105625617661, 3.605551275463989, 3.1622776601683795, 3.0]
5|euclidean_distance|9437336|100100000000000010011000|[3, 4, 7, 20, 23]|[1.0, 1.4142135623730951, 5.0, 4.0, 2.23606797749979, 5.656854249492381, 4.123105625617661, 3.605551275463989, 3.1622776601683795, 3.0]
5|euclidean_distance|9445904|100100000010001000010000|[4, 9, 13, 20, 23]|[1.0, 2.23606797749979, 5.656854249492381, 4.123105625617661, 1.4142135623730951, 5.0, 3.1622776601683795, 3.605551275463989, 2.0, 3.0]
5|euclidean_distance|9455104|100100000100011000000000|[9, 10, 14, 20, 23]|[4.123105625617661, 1.0, 5.0, 3.1622776601683795, 4.0, 2.0, 3.605551275463989, 4.47213595499958, 2.23606797749979, 3.0]
5|euclidean_distance|9472016|100100001000100000010000|[4, 11, 15, 20, 23]|[3.605551275463989, 5.0, 5.656854249492381, 4.123105625617661, 1.4142135623730951, 2.23606797749979, 2.8284271247461903, 1.0, 3.1622776601683795, 3.0]
5|euclidean_distance|9502732|100100010000000000001100|[2, 3, 16, 20, 23]|[1.0, 3.1622776601683795, 4.47213595499958, 4.123105625617661, 3.605551275463989, 5.0, 4.0, 1.4142135623730951, 2.23606797749979, 3.0]
5|euclidean_distance|9502744|100100010000000000011000|[3, 4, 16, 20, 23]|[1.0, 3.605551275463989, 5.0, 4.0, 4.242640687119285, 5.656854249492381, 4.123105625617661, 1.4142135623730951, 2.23606797749979, 3.0]
5|euclidean_distance|9503248|100100010000001000010000|[4, 9, 16, 20, 23]|[1.0, 4.242640687119285, 5.656854249492381, 4.123105625617661, 3.605551275463989, 5.0, 3.1622776601683795, 1.4142135623730951, 2.23606797749979, 3.0]
5|euclidean_distance|9568259|100100100000000000000011|[0, 1, 17, 20, 23]|[1.0, 3.605551275463989, 4.0, 5.0, 3.1622776601683795, 4.123105625617661, 4.47213595499958, 2.23606797749979, 1.4142135623730951, 3.0]
5|euclidean_distance|9568280|100100100000000000011000|[3, 4, 17, 20, 23]|[1.0, 3.1622776601683795, 5.0, 4.0, 3.605551275463989, 5.656854249492381, 4.123105625617661, 2.23606797749979, 1.4142135623730951, 3.0]
5|euclidean_distance|9568784|100100100000001000010000|[4, 9, 17, 20, 23]|[1.0, 3.605551275463989, 5.656854249492381, 4.123105625617661, 2.8284271247461903, 5.0, 3.1622776601683795, 2.23606797749979, 1.4142135623730951, 3.0]
5|euclidean_distance|9601040|100100101000000000010000|[4, 15, 17, 20, 23]|[5.0, 3.605551275463989, 5.656854249492381, 4.123105625617661, 2.0, 1.0, 3.1622776601683795, 2.23606797749979, 1.4142135623730951, 3.0]
5|euclidean_distance|10485848|101000000000000001011000|[3, 4, 6, 21, 23]|[1.0, 2.23606797749979, 4.47213595499958, 4.0, 3.1622776601683795, 5.0, 4.123105625617661, 3.0, 3.605551275463989, 2.0]
5|euclidean_distance|10486019|101000000000000100000011|[0, 1, 8, 21, 23]|[1.0, 3.1622776601683795, 4.123105625617661, 5.0, 2.23606797749979, 4.0, 4.47213595499958, 3.605551275463989, 3.0, 2.0]
5|euclidean_distance|10551305|101000010000000000001001|[0, 3, 16, 21, 23]|[3.0, 3.1622776601683795, 4.123105625617661, 5.0, 3.605551275463989, 4.47213595499958, 4.0, 1.0, 2.23606797749979, 2.0]
5|euclidean_distance|10551568|101000010000000100010000|[4, 8, 16, 21, 23]|[1.4142135623730951, 4.242640687119285, 5.0, 4.123105625617661, 2.8284271247461903, 3.605551275463989, 3.0, 1.0, 2.23606797749979, 2.0]
5|euclidean_distance|10747922|101001000000000000010010|[1, 4, 18, 21, 23]|[3.0, 3.605551275463989, 4.0, 4.47213595499958, 3.1622776601683795, 5.0, 4.123105625617661, 2.23606797749979, 1.0, 2.0]
5|euclidean_distance|10747969|101001000000000001000001|[0, 6, 18, 21, 23]|[1.4142135623730951, 4.242640687119285, 4.123105625617661, 5.0, 2.8284271247461903, 3.0, 3.605551275463989, 2.23606797749979, 1.0, 2.0]
5|euclidean_distance|12582985|110000000000000001001001|[0, 3, 6, 22, 23]|[3.0, 1.4142135623730951, 4.47213595499958, 5.0, 2.23606797749979, 4.123105625617661, 4.0, 3.1622776601683795, 3.605551275463989, 1.0]
5|euclidean_distance|12591138|110000000010000000100010|[1, 5, 13, 22, 23]|[1.4142135623730951, 2.8284271247461903, 4.123105625617661, 4.47213595499958, 3.1622776601683795, 3.605551275463989, 4.242640687119285, 2.23606797749979, 2.0, 1.0]
5|euclidean_distance|12615685|110000001000000000000101|[0, 2, 15, 22, 23]|[2.0, 3.0, 4.47213595499958, 5.0, 3.605551275463989, 4.0, 4.123105625617661, 2.23606797749979, 3.1622776601683795, 1.0]
5|euclidean_distance|12648457|110000010000000000001001|[0, 3, 16, 22, 23]|[3.0, 3.1622776601683795, 4.47213595499958, 5.0, 3.605551275463989, 4.123105625617661, 4.0, 1.4142135623730951, 2.23606797749979, 1.0]
5|euclidean_distance|13107360|110010000000000010100000|[5, 7, 19, 22, 23]|[2.0, 4.47213595499958, 3.605551275463989, 4.242640687119285, 2.8284271247461903, 3.0, 3.1622776601683795, 2.23606797749979, 1.4142135623730951, 1.0]
5|euclidean_distance|13632004|110100000000001000000100|[2, 9, 20, 22, 23]|[2.23606797749979, 4.47213595499958, 4.0, 4.123105625617661, 5.0, 3.605551275463989, 3.1622776601683795, 2.0, 3.0, 1.0]
5|euclidean_distance|16777332|1000000000000000001110100|[2, 4, 5, 6, 24]|[2.0, 2.23606797749979, 1.4142135623730951, 4.47213595499958, 4.123105625617661, 3.1622776601683795, 4.0, 1.0, 5.0, 4.242640687119285]
5|euclidean_distance|16777385|1000000000000000010101001|[0, 3, 5, 7, 24]|[3.0, 1.0, 2.23606797749979, 5.656854249492381, 3.1622776601683795, 1.4142135623730951, 4.123105625617661, 2.0, 5.0, 3.605551275463989]
5|euclidean_distance|16777648|1000000000000000110110000|[4, 5, 7, 8, 24]|[4.123105625617661, 2.23606797749979, 1.4142135623730951, 4.0, 2.0, 3.0, 5.0, 1.0, 3.605551275463989, 3.1622776601683795]
5|euclidean_distance|16777859|1000000000000001010000011|[0, 1, 7, 9, 24]|[1.0, 2.23606797749979, 4.123105625617661, 5.656854249492381, 1.4142135623730951, 3.1622776601683795, 5.0, 2.0, 3.605551275463989, 3.0]
5|euclidean_distance|16779305|1000000000000100000101001|[0, 3, 5, 11, 24]|[3.0, 1.0, 2.23606797749979, 5.656854249492381, 3.1622776601683795, 2.8284271247461903, 4.123105625617661, 1.4142135623730951, 5.0, 3.605551275463989]
5|euclidean_distance|16779809|1000000000000101000100001|[0, 5, 9, 11, 24]|[1.0, 4.123105625617661, 2.23606797749979, 5.656854249492381, 4.0, 1.4142135623730951, 5.0, 3.1622776601683795, 3.0, 3.605551275463989]
5|euclidean_distance|16785923|1000000000010001000000011|[0, 1, 9, 13, 24]|[1.0, 4.123105625617661, 3.605551275463989, 5.656854249492381, 3.1622776601683795, 2.8284271247461903, 5.0, 1.4142135623730951, 3.0, 2.23606797749979]
5|euclidean_distance|16785953|1000000000010001000100001|[0, 5, 9, 13, 24]|[1.0, 4.123105625617661, 3.605551275463989, 5.656854249492381, 4.0, 3.1622776601683795, 5.0, 1.4142135623730951, 3.0, 2.23606797749979]
5|euclidean_distance|16793700|1000000000100000001100100|[2, 5, 6, 14, 24]|[2.23606797749979, 1.4142135623730951, 2.8284271247461903, 4.47213595499958, 1.0, 4.123105625617661, 5.0, 3.1622776601683795, 4.242640687119285, 2.0]
5|euclidean_distance|16794690|1000000000100010001000010|[1, 6, 10, 14, 24]|[1.0, 2.23606797749979, 3.605551275463989, 5.0, 1.4142135623730951, 3.1622776601683795, 4.242640687119285, 4.0, 4.47213595499958, 2.0]
5|euclidean_distance|16795138|1000000000100011000000010|[1, 9, 10, 14, 24]|[3.1622776601683795, 2.23606797749979, 3.605551275463989, 5.0, 4.123105625617661, 1.0, 3.0, 4.0, 4.47213595499958, 2.0]
5|euclidean_distance|16795681|1000000000100100000100001|[0, 5, 11, 14, 24]|[1.0, 2.23606797749979, 4.47213595499958, 5.656854249492381, 1.4142135623730951, 4.123105625617661, 5.0, 3.0, 3.605551275463989, 2.0]
5|euclidean_distance|16795713|1000000000100100001000001|[0, 6, 11, 14, 24]|[1.4142135623730951, 2.23606797749979, 4.47213595499958, 5.656854249492381, 1.0, 3.1622776601683795, 4.242640687119285, 3.0, 3.605551275463989, 2.0]
5|euclidean_distance|16795716|1000000000100100001000100|[2, 6, 11, 14, 24]|[1.4142135623730951, 2.23606797749979, 2.8284271247461903, 4.47213595499958, 1.0, 3.1622776601683795, 4.242640687119285, 3.0, 3.605551275463989, 2.0]
5|euclidean_distance|16810068|1000000001000000001010100|[2, 4, 6, 15, 24]|[2.0, 1.4142135623730951, 3.605551275463989, 4.47213595499958, 3.1622776601683795, 5.0, 4.0, 2.23606797749979, 4.242640687119285, 4.123105625617661]
5|euclidean_distance|16810115|1000000001000000010000011|[0, 1, 7, 15, 24]|[1.0, 2.23606797749979, 3.0, 5.656854249492381, 1.4142135623730951, 3.1622776601683795, 5.0, 2.8284271247461903, 3.605551275463989, 4.123105625617661]
5|euclidean_distance|16810640|1000000001000001010010000|[4, 7, 9, 15, 24]|[2.23606797749979, 1.0, 5.0, 4.0, 2.0, 2.8284271247461903, 3.605551275463989, 4.47213595499958, 3.0, 4.123105625617661]
5|euclidean_distance|16812035|1000000001000100000000011|[0, 1, 11, 15, 24]|[1.0, 2.23606797749979, 3.0, 5.656854249492381, 2.0, 3.1622776601683795, 5.0, 1.4142135623730951, 3.605551275463989, 4.123105625617661]
5|euclidean_distance|16844320|1000000010000011000100000|[5, 9, 10, 16, 24]|[4.0, 1.0, 2.23606797749979, 5.0, 4.123105625617661, 3.605551275463989, 3.0, 1.4142135623730951, 4.47213595499958, 3.1622776601683795]
5|euclidean_distance|16876064|1000000011000001000100000|[5, 9, 15, 16, 24]|[4.0, 2.0, 2.23606797749979, 5.0, 4.47213595499958, 3.605551275463989, 3.0, 1.0, 4.123105625617661, 3.1622776601683795]
5|euclidean_distance|16941584|1000000101000001000010000|[4, 9, 15, 17, 24]|[1.0, 5.0, 3.605551275463989, 4.0, 4.47213595499958, 2.8284271247461903, 3.0, 2.0, 4.123105625617661, 2.23606797749979]
5|euclidean_distance|17039397|1000001000000000000100101|[0, 2, 5, 18, 24]|[2.0, 1.0, 4.242640687119285, 5.656854249492381, 2.23606797749979, 3.1622776601683795, 4.47213595499958, 3.605551275463989, 5.0, 1.4142135623730951]
5|euclidean_distance|17039434|1000001000000000001001010|[1, 3, 6, 18, 24]|[2.0, 1.0, 3.605551275463989, 5.0, 2.23606797749979, 3.0, 4.123105625617661, 2.8284271247461903, 4.242640687119285, 1.4142135623730951]
5|euclidean_distance|17039464|1000001000000000001101000|[3, 5, 6, 18, 24]|[3.1622776601683795, 2.23606797749979, 3.0, 4.123105625617661, 1.0, 3.605551275463989, 5.0, 2.8284271247461903, 4.242640687119285, 1.4142135623730951]
5|euclidean_distance|17039875|1000001000000001000000011|[0, 1, 9, 18, 24]|[1.0, 4.123105625617661, 4.242640687119285, 5.656854249492381, 3.1622776601683795, 3.605551275463989, 5.0, 2.23606797749979, 3.0, 1.4142135623730951]
5|euclidean_distance|17039905|1000001000000001000100001|[0, 5, 9, 18, 24]|[1.0, 4.123105625617661, 4.242640687119285, 5.656854249492381, 4.0, 3.605551275463989, 5.0, 2.23606797749979, 3.0, 1.4142135623730951]
5|euclidean_distance|17040387|1000001000000010000000011|[0, 1, 10, 18, 24]|[1.0, 2.0, 4.242640687119285, 5.656854249492381, 2.23606797749979, 3.605551275463989, 5.0, 3.1622776601683795, 4.47213595499958, 1.4142135623730951]
5|euclidean_distance|17040928|1000001000000011000100000|[5, 9, 10, 18, 24]|[4.0, 1.0, 3.605551275463989, 5.0, 4.123105625617661, 2.23606797749979, 3.0, 3.1622776601683795, 4.47213595499958, 1.4142135623730951]
5|euclidean_distance|17048577|1000001000010010000000001|[0, 10, 13, 18, 24]|[2.0, 3.605551275463989, 4.242640687119285, 5.656854249492381, 3.0, 3.1622776601683795, 4.47213595499958, 1.0, 2.23606797749979, 1.4142135623730951]
5|euclidean_distance|17072194|1000001001000000001000010|[1, 6, 15, 18, 24]|[1.0, 3.1622776601683795, 3.605551275463989, 5.0, 2.23606797749979, 2.8284271247461903, 4.242640687119285, 3.0, 4.123105625617661, 1.4142135623730951]
5|euclidean_distance|17072224|1000001001000000001100000|[5, 6, 15, 18, 24]|[1.0, 2.0, 3.605551275463989, 5.0, 2.23606797749979, 2.8284271247461903, 4.242640687119285, 3.0, 4.123105625617661, 1.4142135623730951]
5|euclidean_distance|17170437|1000001100000000000000101|[0, 2, 17, 18, 24]|[2.0, 3.605551275463989, 4.242640687119285, 5.656854249492381, 3.0, 3.1622776601683795, 4.47213595499958, 1.0, 2.23606797749979, 1.4142135623730951]
5|euclidean_distance|17203216|1000001101000000000010000|[4, 15, 17, 18, 24]|[5.0, 3.605551275463989, 3.1622776601683795, 4.0, 2.0, 3.0, 4.123105625617661, 1.0, 2.23606797749979, 1.4142135623730951]
5|euclidean_distance|17301577|1000010000000000001001001|[0, 3, 6, 19, 24]|[3.0, 1.4142135623730951, 5.0, 5.656854249492381, 2.23606797749979, 3.1622776601683795, 4.123105625617661, 3.605551275463989, 4.242640687119285, 1.0]
5|euclidean_distance|17301641|1000010000000000010001001|[0, 3, 7, 19, 24]|[3.0, 2.23606797749979, 5.0, 5.656854249492381, 1.4142135623730951, 3.1622776601683795, 4.123105625617661, 2.8284271247461903, 3.605551275463989, 1.0]
5|euclidean_distance|17301680|1000010000000000010110000|[4, 5, 7, 19, 24]|[4.123105625617661, 2.23606797749979, 3.0, 4.0, 2.0, 4.47213595499958, 5.0, 2.8284271247461903, 3.605551275463989, 1.0]
5|euclidean_distance|17309705|1000010000010000000001001|[0, 3, 13, 19, 24]|[3.0, 3.605551275463989, 5.0, 5.656854249492381, 2.0, 3.1622776601683795, 4.123105625617661, 1.4142135623730951, 2.23606797749979, 1.0]
5|euclidean_distance|17310721|1000010000010010000000001|[0, 10, 13, 19, 24]|[2.0, 3.605551275463989, 5.0, 5.656854249492381, 3.0, 4.123105625617661, 4.47213595499958, 1.4142135623730951, 2.23606797749979, 1.0]
5|euclidean_distance|17334337|1000010001000000001000001|[0, 6, 15, 19, 24]|[1.4142135623730951, 3.0, 5.0, 5.656854249492381, 2.23606797749979, 3.605551275463989, 4.242640687119285, 4.0, 4.123105625617661, 1.0]
5|euclidean_distance|17334560|1000010001000000100100000|[5, 8, 15, 19, 24]|[3.0, 2.0, 4.47213595499958, 5.0, 3.605551275463989, 2.23606797749979, 3.1622776601683795, 4.0, 4.123105625617661, 1.0]
5|euclidean_distance|17336321|1000010001000100000000001|[0, 11, 15, 19, 24]|[2.23606797749979, 3.0, 5.0, 5.656854249492381, 1.4142135623730951, 3.1622776601683795, 3.605551275463989, 4.0, 4.123105625617661, 1.0]
5|euclidean_distance|17342465|1000010001010000000000001|[0, 13, 15, 19, 24]|[3.605551275463989, 3.0, 5.0, 5.656854249492381, 3.1622776601683795, 1.4142135623730951, 2.23606797749979, 4.0, 4.123105625617661, 1.0]
5|euclidean_distance|17432624|1000010100000000000110000|[4, 5, 17, 19, 24]|[4.123105625617661, 3.605551275463989, 3.0, 4.0, 2.8284271247461903, 4.47213595499958, 5.0, 2.0, 2.23606797749979, 1.0]
5|euclidean_distance|17826882|1000100000000010001000010|[1, 6, 10, 20, 24]|[1.0, 2.23606797749979, 4.123105625617661, 5.0, 1.4142135623730951, 3.1622776601683795, 4.242640687119285, 2.0, 4.47213595499958, 4.0]
5|euclidean_distance|17826888|1000100000000010001001000|[3, 6, 10, 20, 24]|[2.23606797749979, 3.605551275463989, 5.0, 4.123105625617661, 1.4142135623730951, 3.1622776601683795, 4.242640687119285, 2.0, 4.47213595499958, 4.0]
5|euclidean_distance|17829376|1000100000000111000000000|[9, 10, 11, 20, 24]|[4.123105625617661, 3.1622776601683795, 5.0, 3.0, 1.0, 2.0, 4.47213595499958, 2.23606797749979, 3.605551275463989, 4.0]
5|euclidean_distance|17842434|1000100000100000100000010|[1, 8, 14, 20, 24]|[2.23606797749979, 3.605551275463989, 4.123105625617661, 5.0, 1.4142135623730951, 4.242640687119285, 3.1622776601683795, 4.47213595499958, 2.0, 4.0]
5|euclidean_distance|17842440|1000100000100000100001000|[3, 8, 14, 20, 24]|[1.0, 2.23606797749979, 5.0, 4.123105625617661, 1.4142135623730951, 4.242640687119285, 3.1622776601683795, 4.47213595499958, 2.0, 4.0]
5|euclidean_distance|17850400|1000100000110000000100000|[5, 13, 14, 20, 24]|[3.1622776601683795, 4.123105625617661, 3.0, 5.0, 1.0, 3.605551275463989, 2.23606797749979, 4.47213595499958, 2.0, 4.0]
5|euclidean_distance|17861120|1000100001000101000000000|[9, 11, 15, 20, 24]|[3.1622776601683795, 4.47213595499958, 5.0, 3.0, 1.4142135623730951, 2.23606797749979, 3.605551275463989, 1.0, 4.123105625617661, 4.0]
5|euclidean_distance|17867264|1000100001010001000000000|[9, 13, 15, 20, 24]|[1.4142135623730951, 4.47213595499958, 5.0, 3.0, 3.1622776601683795, 3.605551275463989, 2.23606797749979, 1.0, 4.123105625617661, 4.0]
5|euclidean_distance|17893378|1000100010000100000000010|[1, 11, 16, 20, 24]|[2.0, 3.0, 4.123105625617661, 5.0, 1.0, 2.23606797749979, 3.605551275463989, 1.4142135623730951, 3.1622776601683795, 4.0]
5|euclidean_distance|18096136|1000101000010000000001000|[3, 13, 18, 20, 24]|[2.0, 3.0, 5.0, 4.123105625617661, 1.0, 3.605551275463989, 2.23606797749979, 3.1622776601683795, 1.4142135623730951, 4.0]
5|euclidean_distance|18352160|1000110000000100000100000|[5, 11, 19, 20, 24]|[1.4142135623730951, 4.47213595499958, 3.0, 5.0, 3.1622776601683795, 2.23606797749979, 3.605551275463989, 4.123105625617661, 1.0, 4.0]
5|euclidean_distance|18358304|1000110000010000000100000|[5, 13, 19, 20, 24]|[3.1622776601683795, 4.47213595499958, 3.0, 5.0, 1.4142135623730951, 3.605551275463989, 2.23606797749979, 4.123105625617661, 1.0, 4.0]
5|euclidean_distance|18874499|1001000000000000010000011|[0, 1, 7, 21, 24]|[1.0, 2.23606797749979, 4.123105625617661, 5.656854249492381, 1.4142135623730951, 4.0, 5.0, 3.1622776601683795, 3.605551275463989, 3.0]
5|euclidean_distance|18874516|1001000000000000010010100|[2, 4, 7, 21, 24]|[2.0, 1.0, 4.123105625617661, 4.47213595499958, 2.23606797749979, 5.0, 4.0, 3.1622776601683795, 3.605551275463989, 3.0]
5|euclidean_distance|18874520|1001000000000000010011000|[3, 4, 7, 21, 24]|[1.0, 1.4142135623730951, 4.47213595499958, 4.123105625617661, 2.23606797749979, 5.0, 4.0, 3.1622776601683795, 3.605551275463989, 3.0]
5|euclidean_distance|18874630|1001000000000000100000110|[1, 2, 8, 21, 24]|[1.0, 2.23606797749979, 4.0, 5.0, 1.4142135623730951, 4.123105625617661, 4.47213595499958, 3.605551275463989, 3.1622776601683795, 3.0]
5|euclidean_distance|18874634|1001000000000000100001010|[1, 3, 8, 21, 24]|[2.0, 2.23606797749979, 4.0, 5.0, 1.0, 4.47213595499958, 4.123105625617661, 3.605551275463989, 3.1622776601683795, 3.0]
5|euclidean_distance|18876449|1001000000000100000100001|[0, 5, 11, 21, 24]|[1.0, 2.23606797749979, 4.123105625617661, 5.656854249492381, 1.4142135623730951, 3.1622776601683795, 5.0, 2.0, 3.605551275463989, 3.0]
5|euclidean_distance|18891808|1001000000100010000100000|[5, 10, 14, 21, 24]|[1.0, 4.123105625617661, 3.1622776601683795, 5.0, 4.0, 2.23606797749979, 4.47213595499958, 3.605551275463989, 2.0, 3.0]
5|euclidean_distance|19005443|1001000100000000000000011|[0, 1, 17, 21, 24]|[1.0, 3.605551275463989, 4.123105625617661, 5.656854249492381, 3.1622776601683795, 4.0, 5.0, 1.4142135623730951, 2.23606797749979, 3.0]
5|euclidean_distance|19005464|1001000100000000000011000|[3, 4, 17, 21, 24]|[1.0, 3.1622776601683795, 4.47213595499958, 4.123105625617661, 3.605551275463989, 5.0, 4.0, 1.4142135623730951, 2.23606797749979, 3.0]
5|euclidean_distance|19005473|1001000100000000000100001|[0, 5, 17, 21, 24]|[1.0, 3.605551275463989, 4.123105625617661, 5.656854249492381, 2.8284271247461903, 3.1622776601683795, 5.0, 1.4142135623730951, 2.23606797749979, 3.0]
5|euclidean_distance|19136515|1001001000000000000000011|[0, 1, 18, 21, 24]|[1.0, 4.242640687119285, 4.123105625617661, 5.656854249492381, 3.605551275463989, 4.0, 5.0, 2.23606797749979, 1.4142135623730951, 3.0]
5|euclidean_distance|19136518|1001001000000000000000110|[1, 2, 18, 21, 24]|[1.0, 3.605551275463989, 4.0, 5.0, 3.1622776601683795, 4.123105625617661, 4.47213595499958, 2.23606797749979, 1.4142135623730951, 3.0]
5|euclidean_distance|19136545|1001001000000000000100001|[0, 5, 18, 21, 24]|[1.0, 4.242640687119285, 4.123105625617661, 5.656854249492381, 3.605551275463989, 3.1622776601683795, 5.0, 2.23606797749979, 1.4142135623730951, 3.0]
5|euclidean_distance|19406849|1001010000010000000000001|[0, 13, 19, 21, 24]|[3.605551275463989, 5.0, 4.123105625617661, 5.656854249492381, 1.4142135623730951, 2.8284271247461903, 2.23606797749979, 3.1622776601683795, 1.0, 3.0]
5|euclidean_distance|19529729|1001010100000000000000001|[0, 17, 19, 21, 24]|[3.605551275463989, 5.0, 4.123105625617661, 5.656854249492381, 2.0, 1.4142135623730951, 2.23606797749979, 3.1622776601683795, 1.0, 3.0]
5|euclidean_distance|19925000|1001100000000100000001000|[3, 11, 20, 21, 24]|[2.8284271247461903, 5.0, 4.47213595499958, 4.123105625617661, 2.23606797749979, 2.0, 3.605551275463989, 1.0, 4.0, 3.0]
5|euclidean_distance|19931144|1001100000010000000001000|[3, 13, 20, 21, 24]|[2.0, 5.0, 4.47213595499958, 4.123105625617661, 3.605551275463989, 2.8284271247461903, 2.23606797749979, 1.0, 4.0, 3.0]
5|euclidean_distance|20971620|1010000000000000001100100|[2, 5, 6, 22, 24]|[2.23606797749979, 1.4142135623730951, 4.0, 4.47213595499958, 1.0, 3.605551275463989, 5.0, 3.1622776601683795, 4.242640687119285, 2.0]
5|euclidean_distance|20971651|1010000000000000010000011|[0, 1, 7, 22, 24]|[1.0, 2.23606797749979, 4.47213595499958, 5.656854249492381, 1.4142135623730951, 4.123105625617661, 5.0, 3.0, 3.605551275463989, 2.0]
5|euclidean_distance|20971713|1010000000000000011000001|[0, 6, 7, 22, 24]|[1.4142135623730951, 2.23606797749979, 4.47213595499958, 5.656854249492381, 1.0, 3.1622776601683795, 4.242640687119285, 3.0, 3.605551275463989, 2.0]
5|euclidean_distance|20972038|1010000000000001000000110|[1, 2, 9, 22, 24]|[1.0, 3.1622776601683795, 4.123105625617661, 5.0, 2.23606797749979, 4.0, 4.47213595499958, 3.605551275463989, 3.0, 2.0]
5|euclidean_distance|20972610|1010000000000010001000010|[1, 6, 10, 22, 24]|[1.0, 2.23606797749979, 4.123105625617661, 5.0, 1.4142135623730951, 3.1622776601683795, 4.242640687119285, 2.8284271247461903, 4.47213595499958, 2.0]
5|euclidean_distance|20972736|1010000000000010011000000|[6, 7, 10, 22, 24]|[1.0, 1.4142135623730951, 3.1622776601683795, 4.242640687119285, 2.23606797749979, 3.0, 3.605551275463989, 2.8284271247461903, 4.47213595499958, 2.0]
5|euclidean_distance|21037104|1010000010000000000110000|[4, 5, 16, 22, 24]|[4.123105625617661, 4.242640687119285, 4.47213595499958, 4.0, 2.23606797749979, 3.605551275463989, 5.0, 1.4142135623730951, 3.1622776601683795, 2.0]
5|euclidean_distance|21069840|1010000011000000000010000|[4, 15, 16, 22, 24]|[5.0, 4.242640687119285, 4.47213595499958, 4.0, 1.0, 2.23606797749979, 4.123105625617661, 1.4142135623730951, 3.1622776601683795, 2.0]
5|euclidean_distance|21102610|1010000100000000000010010|[1, 4, 17, 22, 24]|[3.0, 3.1622776601683795, 4.123105625617661, 5.0, 3.605551275463989, 4.47213595499958, 4.0, 1.0, 2.23606797749979, 2.0]
5|euclidean_distance|21495873|1010010000000000001000001|[0, 6, 19, 22, 24]|[1.4142135623730951, 5.0, 4.47213595499958, 5.656854249492381, 3.605551275463989, 3.1622776601683795, 4.242640687119285, 2.23606797749979, 1.0, 2.0]
5|euclidean_distance|21495938|1010010000000000010000010|[1, 7, 19, 22, 24]|[1.4142135623730951, 4.242640687119285, 4.123105625617661, 5.0, 2.8284271247461903, 3.0, 3.605551275463989, 2.23606797749979, 1.0, 2.0]
5|euclidean_distance|21496896|1010010000000010001000000|[6, 10, 19, 22, 24]|[1.4142135623730951, 3.605551275463989, 3.1622776601683795, 4.242640687119285, 4.123105625617661, 2.8284271247461903, 4.47213595499958, 2.23606797749979, 1.0, 2.0]
5|euclidean_distance|23068708|1011000000000000000100100|[2, 5, 21, 22, 24]|[2.23606797749979, 4.123105625617661, 4.0, 4.47213595499958, 3.1622776601683795, 3.605551275463989, 5.0, 1.0, 3.0, 2.0]
5|euclidean_distance|25165897|1100000000000000001001001|[0, 3, 6, 23, 24]|[3.0, 1.4142135623730951, 5.0, 5.656854249492381, 2.23606797749979, 4.0, 4.123105625617661, 3.605551275463989, 4.242640687119285, 1.0]
5|euclidean_distance|25165961|1100000000000000010001001|[0, 3, 7, 23, 24]|[3.0, 2.23606797749979, 5.0, 5.656854249492381, 1.4142135623730951, 4.0, 4.123105625617661, 3.1622776601683795, 3.605551275463989, 1.0]
5|euclidean_distance|25165970|1100000000000000010010010|[1, 4, 7, 23, 24]|[3.0, 1.4142135623730951, 4.47213595499958, 5.0, 2.23606797749979, 4.123105625617661, 4.0, 3.1622776601683795, 3.605551275463989, 1.0]
5|euclidean_distance|25174529|1100000000010001000000001|[0, 9, 13, 23, 24]|[4.123105625617661, 3.605551275463989, 5.0, 5.656854249492381, 1.4142135623730951, 3.1622776601683795, 3.0, 2.0, 2.23606797749979, 1.0]
5|euclidean_distance|25182273|1100000000100000001000001|[0, 6, 14, 23, 24]|[1.4142135623730951, 4.47213595499958, 5.0, 5.656854249492381, 3.1622776601683795, 3.605551275463989, 4.242640687119285, 2.23606797749979, 2.0, 1.0]
5|euclidean_distance|25182276|1100000000100000001000100|[2, 6, 14, 23, 24]|[1.4142135623730951, 2.8284271247461903, 4.123105625617661, 4.47213595499958, 3.1622776601683795, 3.605551275463989, 4.242640687119285, 2.23606797749979, 2.0, 1.0]
5|euclidean_distance|25184288|1100000000100100000100000|[5, 11, 14, 23, 24]|[1.4142135623730951, 4.123105625617661, 4.242640687119285, 5.0, 3.0, 2.8284271247461903, 3.605551275463989, 2.23606797749979, 2.0, 1.0]
5|euclidean_distance|25198657|1100000001000000001000001|[0, 6, 15, 23, 24]|[1.4142135623730951, 3.0, 5.0, 5.656854249492381, 2.23606797749979, 3.605551275463989, 4.242640687119285, 3.1622776601683795, 4.123105625617661, 1.0]
5|euclidean_distance|25200641|1100000001000100000000001|[0, 11, 15, 23, 24]|[2.23606797749979, 3.0, 5.0, 5.656854249492381, 1.4142135623730951, 2.8284271247461903, 3.605551275463989, 3.1622776601683795, 4.123105625617661, 1.0]
5|euclidean_distance|25231370|1100000010000000000001010|[1, 3, 16, 23, 24]|[2.0, 3.0, 4.47213595499958, 5.0, 3.605551275463989, 4.0, 4.123105625617661, 2.23606797749979, 3.1622776601683795, 1.0]
5|euclidean_distance|25296901|1100000100000000000000101|[0, 2, 17, 23, 24]|[2.0, 3.605551275463989, 5.0, 5.656854249492381, 3.0, 4.123105625617661, 4.47213595499958, 1.4142135623730951, 2.23606797749979, 1.0]
5|euclidean_distance|25296905|1100000100000000000001001|[0, 3, 17, 23, 24]|[3.0, 3.605551275463989, 5.0, 5.656854249492381, 3.1622776601683795, 4.0, 4.123105625617661, 1.4142135623730951, 2.23606797749979, 1.0]
5|euclidean_distance|25296914|1100000100000000000010010|[1, 4, 17, 23, 24]|[3.0, 3.1622776601683795, 4.47213595499958, 5.0, 3.605551275463989, 4.123105625617661, 4.0, 1.4142135623730951, 2.23606797749979, 1.0]
5|euclidean_distance|25297409|1100000100000001000000001|[0, 9, 17, 23, 24]|[4.123105625617661, 3.605551275463989, 5.0, 5.656854249492381, 2.8284271247461903, 3.1622776601683795, 3.0, 1.4142135623730951, 2.23606797749979, 1.0]
5|euclidean_distance|25329665|1100000101000000000000001|[0, 15, 17, 23, 24]|[3.0, 3.605551275463989, 5.0, 5.656854249492381, 2.0, 3.1622776601683795, 4.123105625617661, 1.4142135623730951, 2.23606797749979, 1.0]
5|euclidean_distance|26216450|1100100000000100000000010|[1, 11, 20, 23, 24]|[2.0, 4.123105625617661, 4.47213595499958, 5.0, 2.23606797749979, 2.8284271247461903, 3.605551275463989, 3.0, 4.0, 1.0]
5|euclidean_distance|26222594|1100100000010000000000010|[1, 13, 20, 23, 24]|[2.8284271247461903, 4.123105625617661, 4.47213595499958, 5.0, 3.605551275463989, 2.0, 2.23606797749979, 3.0, 4.0, 1.0]
6|euclidean_distance|1074039809|1000000000001001000110000000001|[0, 10, 11, 15, 18, 30]|[4.123105625617661, 5.0990195135927845, 3.605551275463989, 3.0, 5.0, 1.0, 1.4142135623730951, 4.47213595499958, 5.656854249492381, 2.23606797749979, 5.385164807134504, 6.4031242374328485, 3.1622776601683795, 4.242640687119285, 2.0]
6|euclidean_distance|1098915880|1000001100000000010000000101000|[3, 5, 13, 23, 24, 30]|[2.0, 2.8284271247461903, 3.605551275463989, 5.0, 5.830951894845301, 4.47213595499958, 3.0, 6.4031242374328485, 7.0710678118654755, 4.123105625617661, 2.23606797749979, 3.1622776601683795, 5.0990195135927845, 5.385164807134504, 1.0]
6|euclidean_distance|1881149441|1110000001000000001000000000001|[0, 12, 21, 28, 29, 30]|[2.0, 4.242640687119285, 5.656854249492381, 6.4031242374328485, 5.0, 3.1622776601683795, 4.47213595499958, 5.385164807134504, 3.0, 1.4142135623730951, 2.23606797749979, 3.605551275463989, 1.0, 4.123105625617661, 5.0990195135927845]
6|euclidean_distance|2182086697|10000010000100000000000000101001|[0, 3, 5, 20, 25, 31]|[3.0, 5.0, 3.605551275463989, 4.123105625617661, 5.0990195135927845, 2.0, 3.1622776601683795, 4.47213595499958, 5.385164807134504, 4.242640687119285, 5.656854249492381, 6.4031242374328485, 1.4142135623730951, 2.23606797749979, 1.0]
6|euclidean_distance|3355574308|11001000000000100000000000100100|[2, 5, 17, 27, 30, 31]|[3.0, 3.605551275463989, 4.123105625617661, 5.385164807134504, 5.0990195135927845, 2.0, 4.47213595499958, 7.0710678118654755, 6.4031242374328485, 2.8284271247461903, 5.830951894845301, 5.0, 3.1622776601683795, 2.23606797749979, 1.0]
6|euclidean_distance|5372909600|101000000010000000001100000100000|[5, 11, 12, 22, 30, 32]|[1.0, 5.385164807134504, 3.1622776601683795, 7.0710678118654755, 5.830951894845301, 5.0990195135927845, 2.23606797749979, 6.4031242374328485, 5.0, 4.123105625617661, 3.0, 3.605551275463989, 4.47213595499958, 2.8284271247461903, 2.0]
6|euclidean_distance|9663938864|1001000000000001000000000100110000|[4, 5, 8, 18, 30, 33]|[1.0, 2.23606797749979, 5.0, 6.4031242374328485, 5.0990195135927845, 3.1622776601683795, 5.830951894845301, 7.0710678118654755, 5.385164807134504, 2.8284271247461903, 4.47213595499958, 4.123105625617661, 2.0, 3.605551275463989, 3.0]
6|euclidean_distance|17450401829|10000010000001000000000000000100101|[0, 2, 5, 21, 28, 34]|[2.0, 5.0, 4.242640687119285, 5.656854249492381, 6.4031242374328485, 3.0, 3.1622776601683795, 4.47213595499958, 5.385164807134504, 3.605551275463989, 4.123105625617661, 5.0990195135927845, 1.4142135623730951, 2.23606797749979, 1.0]
6|euclidean_distance|34368143584|100000000000100000000100000011100000|[5, 6, 7, 14, 23, 35]|[5.0990195135927845, 4.123105625617661, 3.605551275463989, 3.0, 5.0, 1.0, 2.23606797749979, 5.385164807134504, 6.4031242374328485, 1.4142135623730951, 4.47213595499958, 5.656854249492381, 3.1622776601683795, 4.242640687119285, 2.0]
6|euclidean_distance|34411249696|100000000011000100100000000000100000|[5, 17, 20, 24, 25, 35]|[2.0, 4.242640687119285, 6.4031242374328485, 5.656854249492381, 5.0, 3.1622776601683795, 5.385164807134504, 4.47213595499958, 3.0, 2.23606797749979, 1.4142135623730951, 3.605551275463989, 1.0, 5.0990195135927845, 4.123105625617661]
6|euclidean_distance|34896936965|100000100000000001010000000000000101|[0, 2, 16, 18, 29, 35]|[2.0, 4.47213595499958, 3.0, 6.4031242374328485, 7.0710678118654755, 2.8284271247461903, 3.605551275463989, 5.0, 5.830951894845301, 4.123105625617661, 2.23606797749979, 3.1622776601683795, 5.0990195135927845, 5.385164807134504, 1.0]
6|euclidean_distance|38663094787|100100000000100000000000001000000011|[0, 1, 9, 23, 32, 35]|[1.0, 3.1622776601683795, 5.830951894845301, 5.385164807134504, 7.0710678118654755, 2.23606797749979, 5.0, 5.0990195135927845, 6.4031242374328485, 2.8284271247461903, 4.123105625617661, 4.47213595499958, 3.605551275463989, 2.0, 3.0]
6|euclidean_distance|39728481296|100101000000000000001000010000010000|[4, 10, 15, 30, 32, 35]|[1.0, 2.23606797749979, 6.4031242374328485, 5.385164807134504, 5.0990195135927845, 1.4142135623730951, 5.656854249492381, 4.47213595499958, 4.123105625617661, 4.242640687119285, 3.1622776601683795, 3.605551275463989, 2.0, 5.0, 3.0]
